scenario,quantum_coupling,diffusion_rate,collapse_enabled,population,max_steps,seed,alive_count,alive_rate,avg_survival_steps,max_survival_steps,avg_final_energy,avg_steps_taken,deadend_escapes,final_coherence_mean,final_pilot_wave_mean
default,0.0,0.1,True,20,500,0,19,0.95,480.0,500,430.0,480.0,0,0.93868088722229,1.6434736251831055
default,0.0,0.1,True,20,500,1000,20,1.0,500.0,500,476.0,500.0,0,0.9089229106903076,1.6830408573150635
default,0.0,0.1,True,20,500,2000,20,1.0,500.0,500,450.0,500.0,0,0.9113121032714844,1.6830464601516724
default,0.0,0.1,True,20,500,3000,15,0.75,400.0,500,362.0,400.0,0,0.9262058734893799,1.5042479038238525
default,0.0,0.1,True,20,500,4000,18,0.9,460.0,500,431.0,460.0,0,0.9219130873680115,1.6107648611068726
default,0.0,0.1,True,20,500,5000,18,0.9,460.0,500,430.0,460.0,0,0.910863995552063,1.6074937582015991
default,0.0,0.1,True,20,500,6000,19,0.95,480.0,500,430.0,480.0,0,0.8994852304458618,1.6434522867202759
default,0.0,0.1,True,20,500,7000,20,1.0,500.0,500,458.0,500.0,0,0.9204514622688293,1.6794509887695312
default,0.0,0.1,True,20,500,8000,20,1.0,500.0,500,437.0,500.0,0,0.9022355079650879,2.0764670372009277
default,0.0,0.1,True,20,500,9000,20,1.0,500.0,500,446.0,500.0,0,0.9158231616020203,1.6830451488494873
default,0.0,0.1,False,20,500,0,3,0.15,160.0,500,48.0,160.0,0,1.0,0.0007323415484279394
default,0.0,0.1,False,20,500,1000,3,0.15,160.0,500,58.0,160.0,0,1.0,0.0007323415484279394
default,0.0,0.1,False,20,500,2000,4,0.2,180.0,500,96.0,180.0,0,1.0,0.0007323415484279394
default,0.0,0.1,False,20,500,3000,4,0.2,180.0,500,69.0,180.0,0,1.0,0.0007323415484279394
default,0.0,0.1,False,20,500,4000,2,0.1,140.0,500,50.0,140.0,0,1.0,0.0007323415484279394
default,0.0,0.1,False,20,500,5000,0,0.0,100.0,100,0.0,100.0,0,1.0,0.00047103071119636297
default,0.0,0.1,False,20,500,6000,0,0.0,100.0,100,0.0,100.0,0,1.0,0.00047103071119636297
default,0.0,0.1,False,20,500,7000,2,0.1,140.0,500,32.0,140.0,0,1.0,0.0007323415484279394
default,0.0,0.1,False,20,500,8000,6,0.3,220.0,500,114.0,220.0,0,1.0,0.0007323415484279394
default,0.0,0.1,False,20,500,9000,0,0.0,100.0,100,0.0,100.0,0,1.0,0.00047103071119636297
default,0.1,0.1,True,20,500,10,16,0.8,420.0,500,403.0,420.0,0,0.9149644374847412,1.5326611995697021
default,0.1,0.1,True,20,500,1010,19,0.95,480.0,500,442.0,480.0,0,0.8999808430671692,1.6434659957885742
default,0.1,0.1,True,20,500,2010,19,0.95,480.0,500,416.0,480.0,0,0.9254406690597534,1.6503353118896484
default,0.1,0.1,True,20,500,3010,20,1.0,500.0,500,437.0,500.0,0,0.9164854884147644,2.0761725902557373
default,0.1,0.1,True,20,500,4010,19,0.95,480.0,500,442.0,480.0,0,0.9270589351654053,1.6434717178344727
default,0.1,0.1,True,20,500,5010,19,0.95,480.0,500,442.0,480.0,0,0.9172314405441284,1.6434717178344727
default,0.1,0.1,True,20,500,6010,19,0.95,480.0,500,438.0,480.0,0,0.9057767391204834,1.643456220626831
default,0.1,0.1,True,20,500,7010,20,1.0,500.0,500,458.0,500.0,0,0.9287279844284058,1.6830503940582275
default,0.1,0.1,True,20,500,8010,18,0.9,460.0,500,414.0,460.0,0,0.9062071442604065,1.6074684858322144
default,0.1,0.1,True,20,500,9010,17,0.85,440.0,500,398.0,440.0,0,0.8931072950363159,1.5747417211532593
default,0.1,0.1,False,20,500,10,3,0.15,160.0,500,48.0,160.0,0,1.0,0.0007323415484279394
default,0.1,0.1,False,20,500,1010,3,0.15,160.0,500,44.0,160.0,0,1.0,0.0007323415484279394
default,0.1,0.1,False,20,500,2010,3,0.15,160.0,500,58.0,160.0,0,1.0,0.0007323415484279394
default,0.1,0.1,False,20,500,3010,2,0.1,140.0,500,46.0,140.0,0,1.0,0.0007323415484279394
default,0.1,0.1,False,20,500,4010,1,0.05,120.0,500,16.0,120.0,0,1.0,0.0007323415484279394
default,0.1,0.1,False,20,500,5010,3,0.15,160.0,500,57.0,160.0,0,1.0,0.0007323415484279394
default,0.1,0.1,False,20,500,6010,2,0.1,140.0,500,41.0,140.0,0,1.0,0.0007323415484279394
default,0.1,0.1,False,20,500,7010,2,0.1,140.0,500,41.0,140.0,0,1.0,0.0007323415484279394
default,0.1,0.1,False,20,500,8010,3,0.15,160.0,500,48.0,160.0,0,1.0,0.0007323415484279394
default,0.1,0.1,False,20,500,9010,2,0.1,140.0,500,28.0,140.0,0,1.0,0.0007323415484279394
default,0.3,0.1,True,20,500,30,20,1.0,500.0,500,450.0,500.0,0,0.9200611710548401,1.6830458641052246
default,0.3,0.1,True,20,500,1030,19,0.95,480.0,500,446.0,480.0,0,0.9373564720153809,1.6434805393218994
default,0.3,0.1,True,20,500,2030,14,0.7,380.0,500,350.0,380.0,0,0.9096641540527344,1.4570430517196655
default,0.3,0.1,True,20,500,3030,20,1.0,500.0,500,458.0,500.0,0,0.9178190231323242,1.683042287826538
default,0.3,0.1,True,20,500,4030,19,0.95,480.0,500,421.0,480.0,0,0.9227496385574341,2.040285110473633
default,0.3,0.1,True,20,500,5030,20,1.0,500.0,500,446.0,500.0,0,0.9349707365036011,1.6830556392669678
default,0.3,0.1,True,20,500,6030,19,0.95,480.0,500,430.0,480.0,0,0.9353729486465454,1.6434733867645264
default,0.3,0.1,True,20,500,7030,20,1.0,500.0,500,476.0,500.0,0,0.9013375043869019,1.6830377578735352
default,0.3,0.1,True,20,500,8030,17,0.85,440.0,500,407.0,440.0,0,0.8975704908370972,1.5801503658294678
default,0.3,0.1,True,20,500,9030,12,0.6,340.0,500,330.0,340.0,0,0.9449170827865601,1.3437787294387817
default,0.3,0.1,False,20,500,30,2,0.1,140.0,500,41.0,140.0,0,1.0,0.0007323415484279394
default,0.3,0.1,False,20,500,1030,3,0.15,160.0,500,71.0,160.0,0,1.0,0.0007323415484279394
default,0.3,0.1,False,20,500,2030,2,0.1,140.0,500,28.0,140.0,0,1.0,0.0007323415484279394
default,0.3,0.1,False,20,500,3030,2,0.1,140.0,500,32.0,140.0,0,1.0,0.0007323415484279394
default,0.3,0.1,False,20,500,4030,4,0.2,180.0,500,82.0,180.0,0,1.0,0.0007323415484279394
default,0.3,0.1,False,20,500,5030,7,0.35,240.0,500,118.0,240.0,0,1.0,0.0007323415484279394
default,0.3,0.1,False,20,500,6030,1,0.05,120.0,500,16.0,120.0,0,1.0,0.0007323415484279394
default,0.3,0.1,False,20,500,7030,1,0.05,120.0,500,16.0,120.0,0,1.0,0.0007323415484279394
default,0.3,0.1,False,20,500,8030,4,0.2,180.0,500,87.0,180.0,0,1.0,0.0007323415484279394
default,0.3,0.1,False,20,500,9030,0,0.0,100.0,100,0.0,100.0,0,1.0,0.00047103071119636297
default,0.5,0.1,True,20,500,50,20,1.0,500.0,500,458.0,500.0,0,0.9195016622543335,1.6830439567565918
default,0.5,0.1,True,20,500,1050,19,0.95,480.0,500,442.0,480.0,0,0.909355103969574,1.6434597969055176
default,0.5,0.1,True,20,500,2050,19,0.95,480.0,500,430.0,480.0,0,0.9276137351989746,1.64347505569458
default,0.5,0.1,True,20,500,3050,18,0.9,460.0,500,414.0,460.0,0,0.8946220874786377,1.607465386390686
default,0.5,0.1,True,20,500,4050,19,0.95,480.0,500,430.0,480.0,0,0.9069713354110718,1.6434600353240967
default,0.5,0.1,True,20,500,5050,19,0.95,480.0,500,426.0,480.0,0,0.918850302696228,1.6434755325317383
default,0.5,0.1,True,20,500,6050,19,0.95,480.0,500,438.0,480.0,0,0.9200179576873779,1.6434757709503174
default,0.5,0.1,True,20,500,7050,20,1.0,500.0,500,462.0,500.0,0,0.9113137125968933,1.6794466972351074
default,0.5,0.1,True,20,500,8050,13,0.65,360.0,500,325.0,360.0,0,0.9288542866706848,1.776200771331787
default,0.5,0.1,True,20,500,9050,19,0.95,480.0,500,430.0,480.0,0,0.9119935631752014,1.6434630155563354
default,0.5,0.1,False,20,500,50,1,0.05,120.0,500,16.0,120.0,0,1.0,0.0007323415484279394
default,0.5,0.1,False,20,500,1050,4,0.2,180.0,500,64.0,180.0,0,1.0,0.0007323415484279394
default,0.5,0.1,False,20,500,2050,2,0.1,140.0,500,32.0,140.0,0,1.0,0.0007323415484279394
default,0.5,0.1,False,20,500,3050,1,0.05,120.0,500,12.0,120.0,0,1.0,0.0007323415484279394
default,0.5,0.1,False,20,500,4050,3,0.15,160.0,500,58.0,160.0,0,1.0,0.0007323415484279394
default,0.5,0.1,False,20,500,5050,2,0.1,140.0,500,24.0,140.0,0,1.0,0.0007323415484279394
default,0.5,0.1,False,20,500,6050,2,0.1,140.0,500,28.0,140.0,0,1.0,0.0007323415484279394
default,0.5,0.1,False,20,500,7050,3,0.15,160.0,500,53.0,160.0,0,1.0,0.0007323415484279394
default,0.5,0.1,False,20,500,8050,1,0.05,120.0,500,30.0,120.0,0,1.0,0.0007323415484279394
default,0.5,0.1,False,20,500,9050,1,0.05,120.0,500,25.0,120.0,0,1.0,0.0007323415484279394
maze,0.0,0.1,True,20,500,0,19,0.95,480.0,500,910.0,480.0,0,0.9080878496170044,1.3770596981048584
maze,0.0,0.1,True,20,500,1000,19,0.95,480.0,500,925.0,480.0,0,0.8960556983947754,1.3770778179168701
maze,0.0,0.1,True,20,500,2000,20,1.0,500.0,500,965.0,500.0,0,0.8927116990089417,1.4703903198242188
maze,0.0,0.1,True,20,500,3000,19,0.95,480.0,500,917.5,480.0,0,0.8969193696975708,1.3770631551742554
maze,0.0,0.1,True,20,500,4000,18,0.9,460.0,500,862.5,460.0,0,0.9110691547393799,1.2922205924987793
maze,0.0,0.1,True,20,500,5000,20,1.0,500.0,500,972.5,500.0,0,0.9123020172119141,1.4704066514968872
maze,0.0,0.1,True,20,500,6000,20,1.0,500.0,500,972.5,500.0,0,0.9096598625183105,1.470404028892517
maze,0.0,0.1,True,20,500,7000,20,1.0,500.0,500,965.0,500.0,0,0.9101928472518921,1.4703924655914307
maze,0.0,0.1,True,20,500,8000,20,1.0,500.0,500,965.0,500.0,0,0.902869462966919,1.4703850746154785
maze,0.0,0.1,True,20,500,9000,20,1.0,500.0,500,972.5,500.0,0,0.9060158133506775,1.4704060554504395
maze,0.0,0.1,False,20,500,0,15,0.75,400.0,500,817.5,400.0,0,1.0,0.00045771352597512305
maze,0.0,0.1,False,20,500,1000,15,0.75,400.0,500,810.0,400.0,0,1.0,0.00045771352597512305
maze,0.0,0.1,False,20,500,2000,11,0.55,320.0,500,582.5,320.0,0,1.0,0.00045771352597512305
maze,0.0,0.1,False,20,500,3000,16,0.8,420.0,500,835.0,420.0,0,1.0,0.00045771352597512305
maze,0.0,0.1,False,20,500,4000,14,0.7,380.0,500,717.5,380.0,0,1.0,0.00045771352597512305
maze,0.0,0.1,False,20,500,5000,13,0.65,360.0,500,677.5,360.0,0,1.0,0.00045771352597512305
maze,0.0,0.1,False,20,500,6000,17,0.85,440.0,500,875.0,440.0,0,1.0,0.00045771352597512305
maze,0.0,0.1,False,20,500,7000,13,0.65,360.0,500,685.0,360.0,0,1.0,0.00045771352597512305
maze,0.0,0.1,False,20,500,8000,15,0.75,400.0,500,802.5,400.0,0,1.0,0.00045771352597512305
maze,0.0,0.1,False,20,500,9000,17,0.85,440.0,500,897.5,440.0,0,1.0,0.00045771352597512305
maze,0.1,0.1,True,20,500,10,20,1.0,500.0,500,935.0,500.0,0,0.8975547552108765,1.4704164266586304
maze,0.1,0.1,True,20,500,1010,20,1.0,500.0,500,980.0,500.0,0,0.9046931266784668,1.4704158306121826
maze,0.1,0.1,True,20,500,2010,20,1.0,500.0,500,972.5,500.0,0,0.9050537943840027,1.4704047441482544
maze,0.1,0.1,True,20,500,3010,19,0.95,480.0,500,917.5,480.0,0,0.896151065826416,1.3770629167556763
maze,0.1,0.1,True,20,500,4010,19,0.95,480.0,500,925.0,480.0,0,0.9079995155334473,1.3770853281021118
maze,0.1,0.1,True,20,500,5010,19,0.95,480.0,500,932.5,480.0,0,0.8941856622695923,1.3770930767059326
maze,0.1,0.1,True,20,500,6010,20,1.0,500.0,500,972.5,500.0,0,0.9063654541969299,1.47040593624115
maze,0.1,0.1,True,20,500,7010,20,1.0,500.0,500,972.5,500.0,0,0.9087300896644592,1.47040593624115
maze,0.1,0.1,True,20,500,8010,20,1.0,500.0,500,972.5,500.0,0,0.9014150500297546,1.470407247543335
maze,0.1,0.1,True,20,500,9010,19,0.95,480.0,500,917.5,480.0,0,0.8990549445152283,1.3770700693130493
maze,0.1,0.1,False,20,500,10,16,0.8,420.0,500,842.5,420.0,0,1.0,0.00045771352597512305
maze,0.1,0.1,False,20,500,1010,15,0.75,400.0,500,795.0,400.0,0,1.0,0.00045771352597512305
maze,0.1,0.1,False,20,500,2010,15,0.75,400.0,500,795.0,400.0,0,1.0,0.00045771352597512305
maze,0.1,0.1,False,20,500,3010,14,0.7,380.0,500,755.0,380.0,0,1.0,0.00045771352597512305
maze,0.1,0.1,False,20,500,4010,15,0.75,400.0,500,810.0,400.0,0,1.0,0.00045771352597512305
maze,0.1,0.1,False,20,500,5010,16,0.8,420.0,500,850.0,420.0,0,1.0,0.00045771352597512305
maze,0.1,0.1,False,20,500,6010,10,0.5,300.0,500,542.5,300.0,0,1.0,0.00045771352597512305
maze,0.1,0.1,False,20,500,7010,10,0.5,300.0,500,542.5,300.0,0,1.0,0.00045771352597512305
maze,0.1,0.1,False,20,500,8010,13,0.65,360.0,500,700.0,360.0,0,1.0,0.00045771352597512305
maze,0.1,0.1,False,20,500,9010,16,0.8,420.0,500,842.5,420.0,0,1.0,0.00045771352597512305
maze,0.3,0.1,True,20,500,30,20,1.0,500.0,500,972.5,500.0,0,0.9008194208145142,1.470405101776123
maze,0.3,0.1,True,20,500,1030,19,0.95,480.0,500,932.5,480.0,0,0.8951071500778198,1.3770965337753296
maze,0.3,0.1,True,20,500,2030,18,0.9,460.0,500,862.5,460.0,0,0.8913085460662842,1.2922238111495972
maze,0.3,0.1,True,20,500,3030,20,1.0,500.0,500,972.5,500.0,0,0.9024801254272461,1.4704078435897827
maze,0.3,0.1,True,20,500,4030,19,0.95,480.0,500,925.0,480.0,0,0.9069311618804932,1.377081274986267
maze,0.3,0.1,True,20,500,5030,19,0.95,480.0,500,917.5,480.0,0,0.9042040705680847,1.3770689964294434
maze,0.3,0.1,True,20,500,6030,15,0.75,400.0,500,735.0,400.0,0,0.8985024690628052,1.081260085105896
maze,0.3,0.1,True,20,500,7030,20,1.0,500.0,500,972.5,500.0,0,0.9077048301696777,1.4704030752182007
maze,0.3,0.1,True,20,500,8030,19,0.95,480.0,500,917.5,480.0,0,0.9050546288490295,1.3770653009414673
maze,0.3,0.1,True,20,500,9030,17,0.85,440.0,500,792.5,440.0,0,0.8951915502548218,1.2151305675506592
maze,0.3,0.1,False,20,500,30,17,0.85,440.0,500,905.0,440.0,0,1.0,0.00045771352597512305
maze,0.3,0.1,False,20,500,1030,13,0.65,360.0,500,692.5,360.0,0,1.0,0.00045771352597512305
maze,0.3,0.1,False,20,500,2030,13,0.65,360.0,500,670.0,360.0,0,1.0,0.00045771352597512305
maze,0.3,0.1,False,20,500,3030,16,0.8,420.0,500,835.0,420.0,0,1.0,0.00045771352597512305
maze,0.3,0.1,False,20,500,4030,15,0.75,400.0,500,802.5,400.0,0,1.0,0.00045771352597512305
maze,0.3,0.1,False,20,500,5030,15,0.75,400.0,500,795.0,400.0,0,1.0,0.00045771352597512305
maze,0.3,0.1,False,20,500,6030,11,0.55,320.0,500,582.5,320.0,0,1.0,0.00045771352597512305
maze,0.3,0.1,False,20,500,7030,15,0.75,400.0,500,795.0,400.0,0,1.0,0.00045771352597512305
maze,0.3,0.1,False,20,500,8030,19,0.95,480.0,500,985.0,480.0,0,1.0,0.00045771352597512305
maze,0.3,0.1,False,20,500,9030,16,0.8,420.0,500,857.5,420.0,0,1.0,0.00045771352597512305
maze,0.5,0.1,True,20,500,50,19,0.95,480.0,500,925.0,480.0,0,0.8949935436248779,1.3770831823349
maze,0.5,0.1,True,20,500,1050,18,0.9,460.0,500,870.0,460.0,0,0.8992722034454346,1.2922253608703613
maze,0.5,0.1,True,20,500,2050,19,0.95,480.0,500,917.5,480.0,0,0.889853298664093,1.377061128616333
maze,0.5,0.1,True,20,500,3050,19,0.95,480.0,500,917.5,480.0,0,0.892813503742218,1.377066969871521
maze,0.5,0.1,True,20,500,4050,20,1.0,500.0,500,965.0,500.0,0,0.9063546657562256,1.4703856706619263
maze,0.5,0.1,True,20,500,5050,19,0.95,480.0,500,910.0,480.0,0,0.9029797315597534,1.3770614862442017
maze,0.5,0.1,True,20,500,6050,19,0.95,480.0,500,917.5,480.0,0,0.8957439661026001,1.3770639896392822
maze,0.5,0.1,True,20,500,7050,20,1.0,500.0,500,972.5,500.0,0,0.90911865234375,1.4704047441482544
maze,0.5,0.1,True,20,500,8050,18,0.9,460.0,500,862.5,460.0,0,0.8991012573242188,1.292224645614624
maze,0.5,0.1,True,20,500,9050,19,0.95,480.0,500,910.0,480.0,0,0.9019824266433716,1.3770639896392822
maze,0.5,0.1,False,20,500,50,16,0.8,420.0,500,850.0,420.0,0,1.0,0.00045771352597512305
maze,0.5,0.1,False,20,500,1050,14,0.7,380.0,500,747.5,380.0,0,1.0,0.00045771352597512305
maze,0.5,0.1,False,20,500,2050,15,0.75,400.0,500,787.5,400.0,0,1.0,0.00045771352597512305
maze,0.5,0.1,False,20,500,3050,13,0.65,360.0,500,685.0,360.0,0,1.0,0.00045771352597512305
maze,0.5,0.1,False,20,500,4050,16,0.8,420.0,500,850.0,420.0,0,1.0,0.00045771352597512305
maze,0.5,0.1,False,20,500,5050,14,0.7,380.0,500,747.5,380.0,0,1.0,0.00045771352597512305
maze,0.5,0.1,False,20,500,6050,13,0.65,360.0,500,700.0,360.0,0,1.0,0.00045771352597512305
maze,0.5,0.1,False,20,500,7050,15,0.75,400.0,500,802.5,400.0,0,1.0,0.00045771352597512305
maze,0.5,0.1,False,20,500,8050,11,0.55,320.0,500,575.0,320.0,0,1.0,0.00045771352597512305
maze,0.5,0.1,False,20,500,9050,15,0.75,400.0,500,795.0,400.0,0,1.0,0.00045771352597512305
moving,0.0,0.1,True,20,500,0,19,0.95,480.0,500,465.5,480.0,0,0.8574835062026978,2.200002670288086
moving,0.0,0.1,True,20,500,1000,19,0.95,480.0,500,457.0,480.0,0,0.8189417719841003,2.120819091796875
moving,0.0,0.1,True,20,500,2000,20,1.0,500.0,500,486.5,500.0,0,0.8487446308135986,2.265432119369507
moving,0.0,0.1,True,20,500,3000,14,0.7,380.0,500,363.5,380.0,0,0.8549242615699768,1.7681937217712402
moving,0.0,0.1,True,20,500,4000,17,0.85,440.0,500,416.0,440.0,0,0.8264727592468262,1.973036289215088
moving,0.0,0.1,True,20,500,5000,20,1.0,500.0,500,473.5,500.0,0,0.8195173144340515,2.2053146362304688
moving,0.0,0.1,True,20,500,6000,19,0.95,480.0,500,456.5,480.0,0,0.8286901712417603,2.1984610557556152
moving,0.0,0.1,True,20,500,7000,20,1.0,500.0,500,491.0,500.0,0,0.8556720018386841,2.2655344009399414
moving,0.0,0.1,True,20,500,8000,20,1.0,500.0,500,486.5,500.0,0,0.845011830329895,2.2653069496154785
moving,0.0,0.1,True,20,500,9000,20,1.0,500.0,500,486.5,500.0,0,0.8534516096115112,2.2654261589050293
moving,0.0,0.1,False,20,500,0,0,0.0,100.0,100,0.0,100.0,0,1.0,0.0005299095646478236
moving,0.0,0.1,False,20,500,1000,1,0.05,120.0,500,20.0,120.0,0,1.0,0.0008238843875005841
moving,0.0,0.1,False,20,500,2000,2,0.1,140.0,500,45.0,140.0,0,1.0,0.0008238843875005841
moving,0.0,0.1,False,20,500,3000,0,0.0,100.0,100,0.0,100.0,0,1.0,0.0005299095646478236
moving,0.0,0.1,False,20,500,4000,3,0.15,160.0,500,41.5,160.0,0,1.0,0.0008238843875005841
moving,0.0,0.1,False,20,500,5000,1,0.05,120.0,500,11.5,120.0,0,1.0,0.0008238843875005841
moving,0.0,0.1,False,20,500,6000,0,0.0,100.0,100,0.0,100.0,0,1.0,0.0005299095646478236
moving,0.0,0.1,False,20,500,7000,0,0.0,100.0,100,0.0,100.0,0,1.0,0.0005299095646478236
moving,0.0,0.1,False,20,500,8000,3,0.15,160.0,500,55.0,160.0,0,1.0,0.0008238843875005841
moving,0.0,0.1,False,20,500,9000,0,0.0,100.0,100,0.0,100.0,0,1.0,0.0005299095646478236
moving,0.1,0.1,True,20,500,10,16,0.8,420.0,500,279.0,420.0,0,0.8129221200942993,2.4449167251586914
moving,0.1,0.1,True,20,500,1010,20,1.0,500.0,500,356.0,500.0,0,0.8067408800125122,2.6026430130004883
moving,0.1,0.1,True,20,500,2010,19,0.95,480.0,500,327.0,480.0,0,0.8458377122879028,2.6505894660949707
moving,0.1,0.1,True,20,500,3010,20,1.0,500.0,500,347.0,500.0,0,0.8149526119232178,2.6024720668792725
moving,0.1,0.1,True,20,500,4010,19,0.95,480.0,500,335.5,480.0,0,0.8304831385612488,2.6010663509368896
moving,0.1,0.1,True,20,500,5010,20,1.0,500.0,500,356.0,500.0,0,0.830610990524292,2.683760643005371
moving,0.1,0.1,True,20,500,6010,20,1.0,500.0,500,346.0,500.0,0,0.82328200340271,2.5822572708129883
moving,0.1,0.1,True,20,500,7010,20,1.0,500.0,500,343.0,500.0,0,0.8098082542419434,2.6022675037384033
moving,0.1,0.1,True,20,500,8010,19,0.95,480.0,500,331.0,480.0,0,0.8362562656402588,2.6008737087249756
moving,0.1,0.1,True,20,500,9010,20,1.0,500.0,500,347.0,500.0,0,0.8144999742507935,2.602322578430176
moving,0.1,0.1,False,20,500,10,1,0.05,120.0,500,5.0,120.0,0,1.0,0.0008238843875005841
moving,0.1,0.1,False,20,500,1010,1,0.05,120.0,500,11.5,120.0,0,1.0,0.0008238843875005841
moving,0.1,0.1,False,20,500,2010,1,0.05,120.0,500,15.0,120.0,0,1.0,0.0008238843875005841
moving,0.1,0.1,False,20,500,3010,2,0.1,144.0,500,41.0,144.0,0,1.0,0.0008238843875005841
moving,0.1,0.1,False,20,500,4010,1,0.05,130.0,500,6.5,130.0,0,1.0,0.0008238843875005841
moving,0.1,0.1,False,20,500,5010,1,0.05,120.0,500,11.5,120.0,0,1.0,0.0008238843875005841
moving,0.1,0.1,False,20,500,6010,1,0.05,120.0,500,15.0,120.0,0,1.0,0.0008238843875005841
moving,0.1,0.1,False,20,500,7010,1,0.05,120.0,500,20.0,120.0,0,1.0,0.0008238843875005841
moving,0.1,0.1,False,20,500,8010,0,0.0,100.0,100,0.0,100.0,0,1.0,0.0005299095646478236
moving,0.1,0.1,False,20,500,9010,2,0.1,140.0,500,18.5,140.0,0,1.0,0.0008238843875005841
moving,0.3,0.1,True,20,500,30,18,0.9,468.0,500,319.5,468.0,0,0.81779944896698,2.767014503479004
moving,0.3,0.1,True,20,500,1030,19,0.95,480.0,500,326.5,480.0,0,0.8386138081550598,2.792895793914795
moving,0.3,0.1,True,20,500,2030,10,0.5,327.0,500,196.0,327.0,0,0.8434268236160278,1.4135857820510864
moving,0.3,0.1,True,20,500,3030,20,1.0,500.0,500,347.0,500.0,0,0.8232930302619934,2.8298730850219727
moving,0.3,0.1,True,20,500,4030,19,0.95,480.0,500,331.0,480.0,0,0.8100453615188599,2.7669708728790283
moving,0.3,0.1,True,20,500,5030,20,1.0,500.0,500,347.0,500.0,0,0.8209166526794434,2.7944676876068115
moving,0.3,0.1,True,20,500,6030,19,0.95,480.0,500,331.0,480.0,0,0.8431792259216309,2.7928478717803955
moving,0.3,0.1,True,20,500,7030,20,1.0,500.0,500,347.0,500.0,0,0.829497218132019,2.8298392295837402
moving,0.3,0.1,True,20,500,8030,19,0.95,480.0,500,331.0,480.0,0,0.8391828536987305,2.7928078174591064
moving,0.3,0.1,True,20,500,9030,14,0.7,380.0,500,237.5,380.0,0,0.8340412974357605,2.4388060569763184
moving,0.3,0.1,False,20,500,30,0,0.0,100.0,100,0.0,100.0,0,1.0,0.0005299095646478236
moving,0.3,0.1,False,20,500,1030,1,0.05,120.0,500,5.0,120.0,0,1.0,0.0008238843875005841
moving,0.3,0.1,False,20,500,2030,0,0.0,110.0,300,0.0,110.0,0,1.0,0.0008188032661564648
moving,0.3,0.1,False,20,500,3030,0,0.0,100.0,100,0.0,100.0,0,1.0,0.0005299095646478236
moving,0.3,0.1,False,20,500,4030,1,0.05,133.5,500,15.0,133.5,0,1.0,0.0008238843875005841
moving,0.3,0.1,False,20,500,5030,2,0.1,150.0,500,36.0,150.0,0,1.0,0.0008238843875005841
moving,0.3,0.1,False,20,500,6030,0,0.0,100.0,100,0.0,100.0,0,1.0,0.0005299095646478236
moving,0.3,0.1,False,20,500,7030,0,0.0,100.0,100,0.0,100.0,0,1.0,0.0005299095646478236
moving,0.3,0.1,False,20,500,8030,1,0.05,120.0,500,15.0,120.0,0,1.0,0.0008238843875005841
moving,0.3,0.1,False,20,500,9030,0,0.0,100.0,100,0.0,100.0,0,1.0,0.0005299095646478236
moving,0.5,0.1,True,20,500,50,20,1.0,500.0,500,351.5,500.0,0,0.8255413770675659,2.8811025619506836
moving,0.5,0.1,True,20,500,1050,18,0.9,460.0,500,315.0,460.0,0,0.8348702788352966,2.769620418548584
moving,0.5,0.1,True,20,500,2050,20,1.0,500.0,500,347.0,500.0,0,0.8410427570343018,2.881103277206421
moving,0.5,0.1,True,20,500,3050,19,0.95,480.0,500,340.0,480.0,0,0.8096873760223389,2.7710862159729004
moving,0.5,0.1,True,20,500,4050,20,1.0,500.0,500,342.5,500.0,0,0.8308128714561462,2.8810808658599854
moving,0.5,0.1,True,20,500,5050,20,1.0,500.0,500,347.5,500.0,0,0.8152338266372681,2.8014988899230957
moving,0.5,0.1,True,20,500,6050,20,1.0,500.0,500,338.0,500.0,0,0.8243011236190796,2.8810999393463135
moving,0.5,0.1,True,20,500,7050,19,0.95,480.0,500,327.0,480.0,0,0.8214744329452515,2.7999143600463867
moving,0.5,0.1,True,20,500,8050,10,0.5,322.5,500,196.0,322.5,0,0.8562614321708679,1.411785364151001
moving,0.5,0.1,True,20,500,9050,19,0.95,496.0,500,335.5,496.0,0,0.8255236148834229,2.987161636352539
moving,0.5,0.1,False,20,500,50,0,0.0,100.0,100,0.0,100.0,0,1.0,0.0005299095646478236
moving,0.5,0.1,False,20,500,1050,1,0.05,120.0,500,11.5,120.0,0,1.0,0.0008238843875005841
moving,0.5,0.1,False,20,500,2050,0,0.0,100.0,100,0.0,100.0,0,1.0,0.0005299095646478236
moving,0.5,0.1,False,20,500,3050,0,0.0,100.0,100,0.0,100.0,0,1.0,0.0005299095646478236
moving,0.5,0.1,False,20,500,4050,1,0.05,120.0,500,2.5,120.0,0,1.0,0.0008238843875005841
moving,0.5,0.1,False,20,500,5050,3,0.15,160.0,500,30.5,160.0,0,1.0,0.0008238843875005841
moving,0.5,0.1,False,20,500,6050,1,0.05,120.0,500,15.0,120.0,0,1.0,0.0008238843875005841
moving,0.5,0.1,False,20,500,7050,0,0.0,100.0,100,0.0,100.0,0,1.0,0.0005299095646478236
moving,0.5,0.1,False,20,500,8050,2,0.1,140.0,500,31.5,140.0,0,1.0,0.0008238843875005841
moving,0.5,0.1,False,20,500,9050,1,0.05,120.0,500,20.0,120.0,0,1.0,0.0008238843875005841
single_source,0.0,0.1,True,20,500,0,14,0.7,380.0,500,355.0,380.0,0,0.9161828756332397,1.0232969522476196
single_source,0.0,0.1,True,20,500,1000,14,0.7,380.0,500,365.0,380.0,0,0.8946585655212402,1.023301124572754
single_source,0.0,0.1,True,20,500,2000,14,0.7,380.0,500,360.0,380.0,0,0.8991075158119202,1.0233005285263062
single_source,0.0,0.1,True,20,500,3000,16,0.8,420.0,500,410.0,420.0,0,0.8990359902381897,1.144991397857666
single_source,0.0,0.1,True,20,500,4000,15,0.75,400.0,500,375.0,400.0,0,0.9022988080978394,1.0812419652938843
single_source,0.0,0.1,True,20,500,5000,15,0.75,400.0,500,390.0,400.0,0,0.9090335369110107,1.0812535285949707
single_source,0.0,0.1,True,20,500,6000,13,0.65,360.0,500,340.0,360.0,0,0.8933240175247192,0.9706341028213501
single_source,0.0,0.1,True,20,500,7000,15,0.75,400.0,500,385.0,400.0,0,0.9105222225189209,1.081247091293335
single_source,0.0,0.1,True,20,500,8000,15,0.75,400.0,500,390.0,400.0,0,0.8824670314788818,1.0812495946884155
single_source,0.0,0.1,True,20,500,9000,13,0.65,360.0,500,340.0,360.0,0,0.9062747955322266,0.9706296324729919
single_source,0.0,0.1,False,20,500,0,11,0.55,320.0,500,280.0,320.0,0,1.0,0.00030514231184497476
single_source,0.0,0.1,False,20,500,1000,13,0.65,360.0,500,315.0,360.0,0,1.0,0.00030514231184497476
single_source,0.0,0.1,False,20,500,2000,8,0.4,260.0,500,200.0,260.0,0,1.0,0.00030514231184497476
single_source,0.0,0.1,False,20,500,3000,11,0.55,320.0,500,275.0,320.0,0,1.0,0.00030514231184497476
single_source,0.0,0.1,False,20,500,4000,11,0.55,320.0,500,285.0,320.0,0,1.0,0.00030514231184497476
single_source,0.0,0.1,False,20,500,5000,8,0.4,260.0,500,195.0,260.0,0,1.0,0.00030514231184497476
single_source,0.0,0.1,False,20,500,6000,13,0.65,360.0,500,310.0,360.0,0,1.0,0.00030514231184497476
single_source,0.0,0.1,False,20,500,7000,10,0.5,300.0,500,250.0,300.0,0,1.0,0.00030514231184497476
single_source,0.0,0.1,False,20,500,8000,12,0.6,340.0,500,315.0,340.0,0,1.0,0.00030514231184497476
single_source,0.0,0.1,False,20,500,9000,12,0.6,340.0,500,310.0,340.0,0,1.0,0.00030514231184497476
single_source,0.1,0.1,True,20,500,10,11,0.55,320.0,500,290.0,320.0,0,0.9006195664405823,0.8792037963867188
single_source,0.1,0.1,True,20,500,1010,11,0.55,320.0,500,295.0,320.0,0,0.9033877849578857,0.8792108297348022
single_source,0.1,0.1,True,20,500,2010,11,0.55,320.0,500,290.0,320.0,0,0.8846250176429749,0.8792023658752441
single_source,0.1,0.1,True,20,500,3010,15,0.75,400.0,500,385.0,400.0,0,0.8893656134605408,1.0812395811080933
single_source,0.1,0.1,True,20,500,4010,14,0.7,380.0,500,365.0,380.0,0,0.9091553688049316,1.0233075618743896
single_source,0.1,0.1,True,20,500,5010,16,0.8,420.0,500,420.0,420.0,0,0.8998931050300598,1.1450002193450928
single_source,0.1,0.1,True,20,500,6010,15,0.75,400.0,500,390.0,400.0,0,0.9118456840515137,1.081249475479126
single_source,0.1,0.1,True,20,500,7010,15,0.75,400.0,500,390.0,400.0,0,0.9140347242355347,1.0812493562698364
single_source,0.1,0.1,True,20,500,8010,17,0.85,440.0,500,435.0,440.0,0,0.8992726802825928,1.21510910987854
single_source,0.1,0.1,True,20,500,9010,14,0.7,380.0,500,360.0,380.0,0,0.9085239171981812,1.0233066082000732
single_source,0.1,0.1,False,20,500,10,10,0.5,300.0,500,260.0,300.0,0,1.0,0.00030514231184497476
single_source,0.1,0.1,False,20,500,1010,11,0.55,320.0,500,275.0,320.0,0,1.0,0.00030514231184497476
single_source,0.1,0.1,False,20,500,2010,14,0.7,380.0,500,340.0,380.0,0,1.0,0.00030514231184497476
single_source,0.1,0.1,False,20,500,3010,10,0.5,300.0,500,260.0,300.0,0,1.0,0.00030514231184497476
single_source,0.1,0.1,False,20,500,4010,14,0.7,380.0,500,360.0,380.0,0,1.0,0.00030514231184497476
single_source,0.1,0.1,False,20,500,5010,11,0.55,320.0,500,265.0,320.0,0,1.0,0.00030514231184497476
single_source,0.1,0.1,False,20,500,6010,7,0.35,240.0,500,175.0,240.0,0,1.0,0.00030514231184497476
single_source,0.1,0.1,False,20,500,7010,8,0.4,260.0,500,205.0,260.0,0,1.0,0.00030514231184497476
single_source,0.1,0.1,False,20,500,8010,10,0.5,300.0,500,260.0,300.0,0,1.0,0.00030514231184497476
single_source,0.1,0.1,False,20,500,9010,15,0.75,400.0,500,375.0,400.0,0,1.0,0.00030514231184497476
single_source,0.3,0.1,True,20,500,30,15,0.75,400.0,500,385.0,400.0,0,0.8953230381011963,1.0812486410140991
single_source,0.3,0.1,True,20,500,1030,13,0.65,360.0,500,335.0,360.0,0,0.9055576324462891,0.9706372022628784
single_source,0.3,0.1,True,20,500,2030,14,0.7,380.0,500,355.0,380.0,0,0.8901692032814026,1.0232962369918823
single_source,0.3,0.1,True,20,500,3030,10,0.5,300.0,500,265.0,300.0,0,0.8747566938400269,0.839627742767334
single_source,0.3,0.1,True,20,500,4030,13,0.65,360.0,500,340.0,360.0,0,0.9055200815200806,0.9706271290779114
single_source,0.3,0.1,True,20,500,5030,14,0.7,380.0,500,360.0,380.0,0,0.9141419529914856,1.0233062505722046
single_source,0.3,0.1,True,20,500,6030,6,0.3,220.0,500,165.0,220.0,0,0.9098210334777832,0.700415313243866
single_source,0.3,0.1,True,20,500,7030,15,0.75,400.0,500,385.0,400.0,0,0.9009172916412354,1.081250786781311
single_source,0.3,0.1,True,20,500,8030,13,0.65,360.0,500,335.0,360.0,0,0.9056698083877563,0.9706218838691711
single_source,0.3,0.1,True,20,500,9030,4,0.2,180.0,500,120.0,180.0,0,0.9121898412704468,0.5939077138900757
single_source,0.3,0.1,False,20,500,30,12,0.6,340.0,500,285.0,340.0,0,1.0,0.00030514231184497476
single_source,0.3,0.1,False,20,500,1030,10,0.5,300.0,500,260.0,300.0,0,1.0,0.00030514231184497476
single_source,0.3,0.1,False,20,500,2030,8,0.4,260.0,500,200.0,260.0,0,1.0,0.00030514231184497476
single_source,0.3,0.1,False,20,500,3030,11,0.55,320.0,500,270.0,320.0,0,1.0,0.00030514231184497476
single_source,0.3,0.1,False,20,500,4030,13,0.65,360.0,500,330.0,360.0,0,1.0,0.00030514231184497476
single_source,0.3,0.1,False,20,500,5030,10,0.5,300.0,500,250.0,300.0,0,1.0,0.00030514231184497476
single_source,0.3,0.1,False,20,500,6030,9,0.45,280.0,500,215.0,280.0,0,1.0,0.00030514231184497476
single_source,0.3,0.1,False,20,500,7030,14,0.7,380.0,500,355.0,380.0,0,1.0,0.00030514231184497476
single_source,0.3,0.1,False,20,500,8030,12,0.6,340.0,500,295.0,340.0,0,1.0,0.00030514231184497476
single_source,0.3,0.1,False,20,500,9030,15,0.75,400.0,500,375.0,400.0,0,1.0,0.00030514231184497476
single_source,0.5,0.1,True,20,500,50,14,0.7,380.0,500,365.0,380.0,0,0.8971610069274902,1.0233054161071777
single_source,0.5,0.1,True,20,500,1050,9,0.45,280.0,500,235.0,280.0,0,0.8981963396072388,0.8036343455314636
single_source,0.5,0.1,True,20,500,2050,10,0.5,300.0,500,250.0,300.0,0,0.8787918090820312,0.8396117091178894
single_source,0.5,0.1,True,20,500,3050,12,0.6,340.0,500,305.0,340.0,0,0.8778944611549377,0.9227308034896851
single_source,0.5,0.1,True,20,500,4050,14,0.7,380.0,500,360.0,380.0,0,0.8922685980796814,1.0232985019683838
single_source,0.5,0.1,True,20,500,5050,14,0.7,380.0,500,355.0,380.0,0,0.9104759693145752,1.0233038663864136
single_source,0.5,0.1,True,20,500,6050,12,0.6,340.0,500,300.0,340.0,0,0.8861764669418335,0.922730028629303
single_source,0.5,0.1,True,20,500,7050,15,0.75,400.0,500,390.0,400.0,0,0.9047291874885559,1.0812480449676514
single_source,0.5,0.1,True,20,500,8050,9,0.45,280.0,500,230.0,280.0,0,0.8880290389060974,0.80363929271698
single_source,0.5,0.1,True,20,500,9050,14,0.7,380.0,500,350.0,380.0,0,0.8942927122116089,1.023299217224121
single_source,0.5,0.1,False,20,500,50,9,0.45,280.0,500,225.0,280.0,0,1.0,0.00030514231184497476
single_source,0.5,0.1,False,20,500,1050,10,0.5,300.0,500,255.0,300.0,0,1.0,0.00030514231184497476
single_source,0.5,0.1,False,20,500,2050,11,0.55,320.0,500,270.0,320.0,0,1.0,0.00030514231184497476
single_source,0.5,0.1,False,20,500,3050,9,0.45,280.0,500,215.0,280.0,0,1.0,0.00030514231184497476
single_source,0.5,0.1,False,20,500,4050,10,0.5,300.0,500,250.0,300.0,0,1.0,0.00030514231184497476
single_source,0.5,0.1,False,20,500,5050,11,0.55,320.0,500,265.0,320.0,0,1.0,0.00030514231184497476
single_source,0.5,0.1,False,20,500,6050,9,0.45,280.0,500,225.0,280.0,0,1.0,0.00030514231184497476
single_source,0.5,0.1,False,20,500,7050,14,0.7,380.0,500,350.0,380.0,0,1.0,0.00030514231184497476
single_source,0.5,0.1,False,20,500,8050,6,0.3,220.0,500,145.0,220.0,0,1.0,0.00030514231184497476
single_source,0.5,0.1,False,20,500,9050,12,0.6,340.0,500,290.0,340.0,0,1.0,0.00030514231184497476
