scenario,quantum_coupling,diffusion_rate,collapse_enabled,population,max_steps,seed,alive_count,alive_rate,avg_survival_steps,max_survival_steps,avg_final_energy,avg_steps_taken,deadend_escapes,barrier_crossings,first_crossing_latency_mean,first_crossing_latency_median,crossing_toward_frac,wall_crossings,wall_step_crossings,seam_crossings,edge_crossings,edge_crossing_step_mean,final_coherence_mean,final_pilot_wave_mean,anticipatory_index_mean,anticipatory_frac_mean,maze_goal_reached,maze_route_gap_frac,maze_route_edge_frac,phi_mean,phi_final,path_eff_reached,path_eff_mean
default,0.0,0.2,True,20,500,0,9,0.45,280.0,500,270.0,280.0,0,0,nan,nan,nan,0,0,0,0,nan,0.9669148921966553,4.027151584625244,nan,nan,0,nan,nan,0.9893530635163188,0.9893530635163188,9,1.0206828536022075
default,0.0,0.2,True,20,500,1000,9,0.45,280.0,500,270.0,280.0,0,0,nan,nan,nan,0,0,0,0,nan,0.9669148921966553,4.027151584625244,nan,nan,0,nan,nan,0.9893530635163188,0.9893530635163188,9,1.0206828536022075
default,0.0,0.2,True,20,500,2000,9,0.45,280.0,500,270.0,280.0,0,0,nan,nan,nan,0,0,0,0,nan,0.9669148921966553,4.027151584625244,nan,nan,0,nan,nan,0.9893530635163188,0.9893530635163188,9,1.0206828536022075
default,0.0,0.2,True,20,500,3000,9,0.45,280.0,500,270.0,280.0,0,0,nan,nan,nan,0,0,0,0,nan,0.9669148921966553,4.027151584625244,nan,nan,0,nan,nan,0.9893530635163188,0.9893530635163188,9,1.0206828536022075
default,0.0,0.2,True,20,500,4000,9,0.45,280.0,500,270.0,280.0,0,0,nan,nan,nan,0,0,0,0,nan,0.9669148921966553,4.027151584625244,nan,nan,0,nan,nan,0.9893530635163188,0.9893530635163188,9,1.0206828536022075
default,0.0,0.2,True,20,500,5000,9,0.45,280.0,500,270.0,280.0,0,0,nan,nan,nan,0,0,0,0,nan,0.9669148921966553,4.027151584625244,nan,nan,0,nan,nan,0.9893530635163188,0.9893530635163188,9,1.0206828536022075
default,0.0,0.2,True,20,500,6000,9,0.45,280.0,500,270.0,280.0,0,0,nan,nan,nan,0,0,0,0,nan,0.9669148921966553,4.027151584625244,nan,nan,0,nan,nan,0.9893530635163188,0.9893530635163188,9,1.0206828536022075
default,0.0,0.2,True,20,500,7000,9,0.45,280.0,500,270.0,280.0,0,0,nan,nan,nan,0,0,0,0,nan,0.9669148921966553,4.027151584625244,nan,nan,0,nan,nan,0.9893530635163188,0.9893530635163188,9,1.0206828536022075
default,0.0,0.2,True,20,500,8000,9,0.45,280.0,500,270.0,280.0,0,0,nan,nan,nan,0,0,0,0,nan,0.9669148921966553,4.027151584625244,nan,nan,0,nan,nan,0.9893530635163188,0.9893530635163188,9,1.0206828536022075
default,0.0,0.2,True,20,500,9000,9,0.45,280.0,500,270.0,280.0,0,0,nan,nan,nan,0,0,0,0,nan,0.9669148921966553,4.027151584625244,nan,nan,0,nan,nan,0.9893530635163188,0.9893530635163188,9,1.0206828536022075
default,0.0,0.2,False,20,500,0,9,0.45,280.0,500,270.0,280.0,0,0,nan,nan,nan,0,0,0,0,nan,1.0,0.06368522346019745,nan,nan,0,nan,nan,0.9893530635163188,0.9893530635163188,9,1.0206828536022075
default,0.0,0.2,False,20,500,1000,9,0.45,280.0,500,270.0,280.0,0,0,nan,nan,nan,0,0,0,0,nan,1.0,0.06368522346019745,nan,nan,0,nan,nan,0.9893530635163188,0.9893530635163188,9,1.0206828536022075
default,0.0,0.2,False,20,500,2000,9,0.45,280.0,500,270.0,280.0,0,0,nan,nan,nan,0,0,0,0,nan,1.0,0.06368522346019745,nan,nan,0,nan,nan,0.9893530635163188,0.9893530635163188,9,1.0206828536022075
default,0.0,0.2,False,20,500,3000,9,0.45,280.0,500,270.0,280.0,0,0,nan,nan,nan,0,0,0,0,nan,1.0,0.06368522346019745,nan,nan,0,nan,nan,0.9893530635163188,0.9893530635163188,9,1.0206828536022075
default,0.0,0.2,False,20,500,4000,9,0.45,280.0,500,270.0,280.0,0,0,nan,nan,nan,0,0,0,0,nan,1.0,0.06368522346019745,nan,nan,0,nan,nan,0.9893530635163188,0.9893530635163188,9,1.0206828536022075
default,0.0,0.2,False,20,500,5000,9,0.45,280.0,500,270.0,280.0,0,0,nan,nan,nan,0,0,0,0,nan,1.0,0.06368522346019745,nan,nan,0,nan,nan,0.9893530635163188,0.9893530635163188,9,1.0206828536022075
default,0.0,0.2,False,20,500,6000,9,0.45,280.0,500,270.0,280.0,0,0,nan,nan,nan,0,0,0,0,nan,1.0,0.06368522346019745,nan,nan,0,nan,nan,0.9893530635163188,0.9893530635163188,9,1.0206828536022075
default,0.0,0.2,False,20,500,7000,9,0.45,280.0,500,270.0,280.0,0,0,nan,nan,nan,0,0,0,0,nan,1.0,0.06368522346019745,nan,nan,0,nan,nan,0.9893530635163188,0.9893530635163188,9,1.0206828536022075
default,0.0,0.2,False,20,500,8000,9,0.45,280.0,500,270.0,280.0,0,0,nan,nan,nan,0,0,0,0,nan,1.0,0.06368522346019745,nan,nan,0,nan,nan,0.9893530635163188,0.9893530635163188,9,1.0206828536022075
default,0.0,0.2,False,20,500,9000,9,0.45,280.0,500,270.0,280.0,0,0,nan,nan,nan,0,0,0,0,nan,1.0,0.06368522346019745,nan,nan,0,nan,nan,0.9893530635163188,0.9893530635163188,9,1.0206828536022075
default,0.1,0.2,True,20,500,10,20,1.0,500.0,500,320.0,500.0,0,0,nan,nan,nan,0,0,0,20,2.15,0.9739654064178467,6.067256927490234,nan,nan,0,nan,nan,0.9893204359337687,0.9892950560897589,20,0.5698759898187287
default,0.1,0.2,True,20,500,1010,20,1.0,500.0,500,320.0,500.0,0,0,nan,nan,nan,0,0,0,20,1.85,0.9742285013198853,6.002514839172363,nan,nan,0,nan,nan,0.9893202686682343,0.9892947981134057,20,0.5702783364765214
default,0.1,0.2,True,20,500,2010,20,1.0,500.0,500,320.0,500.0,0,0,nan,nan,nan,0,0,0,20,2.15,0.9739990234375,6.093116760253906,nan,nan,0,nan,nan,0.9893204884603619,0.98929513245821,20,0.5518372967079123
default,0.1,0.2,True,20,500,3010,20,1.0,500.0,500,320.0,500.0,0,0,nan,nan,nan,0,0,0,20,1.8,0.973812997341156,6.0599775314331055,nan,nan,0,nan,nan,0.9893203515559434,0.9892949219793081,20,0.5642463411484991
default,0.1,0.2,True,20,500,4010,20,1.0,500.0,500,320.0,500.0,0,0,nan,nan,nan,0,0,0,20,1.7,0.9737207889556885,6.0686492919921875,nan,nan,0,nan,nan,0.9893204884603619,0.98929513245821,20,0.5586177205753382
default,0.1,0.2,True,20,500,5010,0,0.0,100.0,100,0.0,100.0,0,0,nan,nan,nan,0,0,0,20,2.15,0.9766860604286194,3.559725522994995,nan,nan,0,nan,nan,0.9893064312636852,0.9893064312636852,0,nan
default,0.1,0.2,True,20,500,6010,0,0.0,100.0,100,0.0,100.0,0,0,nan,nan,nan,0,0,0,20,1.7,0.9762420058250427,3.575676202774048,nan,nan,0,nan,nan,0.9893064312636852,0.9893064312636852,0,nan
default,0.1,0.2,True,20,500,7010,0,0.0,100.0,100,0.0,100.0,0,0,nan,nan,nan,0,0,0,20,2.0,0.9767048954963684,3.578103542327881,nan,nan,0,nan,nan,0.9893064312636852,0.9893064312636852,0,nan
default,0.1,0.2,True,20,500,8010,20,1.0,500.0,500,320.0,500.0,0,0,nan,nan,nan,0,0,0,20,2.4,0.9740502238273621,6.0621724128723145,nan,nan,0,nan,nan,0.9893204359337687,0.9892950560897589,20,0.568480941976415
default,0.1,0.2,True,20,500,9010,20,1.0,500.0,500,320.0,500.0,0,0,nan,nan,nan,0,0,0,20,2.45,0.9740246534347534,6.0566887855529785,nan,nan,0,nan,nan,0.9893203180283308,0.9892948726192117,20,0.5712729974583883
default,0.1,0.2,False,20,500,10,11,0.55,320.0,500,268.0,320.0,0,0,nan,nan,nan,0,0,0,14,1.3571428571428572,1.0,0.06368522346019745,nan,nan,0,nan,nan,0.9893061572685837,0.9893060252070427,11,0.7266872032823286
default,0.1,0.2,False,20,500,1010,12,0.6,340.0,500,266.0,340.0,0,0,nan,nan,nan,0,0,0,15,1.6666666666666667,1.0,0.06368522346019745,nan,nan,0,nan,nan,0.9893061572685837,0.9893060252070427,12,0.5999505697375639
default,0.1,0.2,False,20,500,2010,8,0.4,260.0,500,202.0,260.0,0,0,nan,nan,nan,0,0,0,15,1.7333333333333334,1.0,0.06368522346019745,nan,nan,0,nan,nan,0.9893061572685837,0.9893060252070427,8,0.7624508047944494
default,0.1,0.2,False,20,500,3010,10,0.5,300.0,500,238.0,300.0,0,0,nan,nan,nan,0,0,0,15,2.3333333333333335,1.0,0.06368522346019745,nan,nan,0,nan,nan,0.9893061572685837,0.9893060252070427,10,0.7028983605850737
default,0.1,0.2,False,20,500,4010,9,0.45,280.0,500,200.0,280.0,0,0,nan,nan,nan,0,0,0,16,2.1875,1.0,0.06368522346019745,nan,nan,0,nan,nan,0.9893061572685837,0.9893060252070427,9,0.6443932662840459
default,0.1,0.2,False,20,500,5010,9,0.45,280.0,500,218.0,280.0,0,0,nan,nan,nan,0,0,0,15,2.2,1.0,0.06368522346019745,nan,nan,0,nan,nan,0.9893061572685837,0.9893060252070427,9,0.7094436776599706
default,0.1,0.2,False,20,500,6010,8,0.4,260.0,500,188.0,260.0,0,0,nan,nan,nan,0,0,0,16,1.75,1.0,0.06368522346019745,nan,nan,0,nan,nan,0.9893061572685837,0.9893060252070427,8,0.6615916113795783
default,0.1,0.2,False,20,500,7010,7,0.35,240.0,500,168.0,240.0,0,0,nan,nan,nan,0,0,0,16,1.8125,1.0,0.06368522346019745,nan,nan,0,nan,nan,0.9893061572685837,0.9893060252070427,7,0.6790619121847996
default,0.1,0.2,False,20,500,8010,12,0.6,340.0,500,270.0,340.0,0,0,nan,nan,nan,0,0,0,15,2.2666666666666666,1.0,0.06368522346019745,nan,nan,0,nan,nan,0.9893061572685837,0.9893060252070427,12,0.6386453920829768
default,0.1,0.2,False,20,500,9010,9,0.45,280.0,500,200.0,280.0,0,0,nan,nan,nan,0,0,0,16,1.9375,1.0,0.06368522346019745,nan,nan,0,nan,nan,0.9893061572685837,0.9893060252070427,9,0.6340260733905602
default,0.3,0.2,True,20,500,30,20,1.0,500.0,500,320.0,500.0,0,0,nan,nan,nan,0,0,0,20,2.35,0.9677624106407166,6.902536392211914,nan,nan,0,nan,nan,0.9892581826075911,0.9891800284385681,20,0.4667442467504828
default,0.3,0.2,True,20,500,1030,20,1.0,500.0,500,320.0,500.0,0,0,nan,nan,nan,0,0,0,20,2.3,0.9681921005249023,6.861392498016357,nan,nan,0,nan,nan,0.9892580527812243,0.9891802631318569,20,0.4717093237134392
default,0.3,0.2,True,20,500,2030,20,1.0,500.0,500,320.0,500.0,0,0,nan,nan,nan,0,0,0,20,2.4,0.9667439460754395,6.957866668701172,nan,nan,0,nan,nan,0.9892581932246685,0.9891796447336674,20,0.4498233991948718
default,0.3,0.2,True,20,500,3030,20,1.0,500.0,500,320.0,500.0,0,0,nan,nan,nan,0,0,0,20,2.35,0.973771870136261,6.134145259857178,nan,nan,0,nan,nan,0.9892554683610797,0.9891791697591543,20,0.554565470227699
default,0.3,0.2,True,20,500,4030,20,1.0,500.0,500,320.0,500.0,0,0,nan,nan,nan,0,0,0,20,2.35,0.966673731803894,6.935262203216553,nan,nan,0,nan,nan,0.9892582438886166,0.9891802044585347,20,0.46676669853612796
default,0.3,0.2,True,20,500,5030,20,1.0,500.0,500,320.0,500.0,0,0,nan,nan,nan,0,0,0,20,2.25,0.9739807844161987,6.072482585906982,nan,nan,0,nan,nan,0.9892549874261022,0.9891785457730293,20,0.5594482175893487
default,0.3,0.2,True,20,500,6030,20,1.0,500.0,500,320.0,500.0,0,0,nan,nan,nan,0,0,0,20,2.4,0.9669755697250366,6.924246788024902,nan,nan,0,nan,nan,0.989258244074881,0.9891802053898573,20,0.4654813244282103
default,0.3,0.2,True,20,500,7030,20,1.0,500.0,500,320.0,500.0,0,0,nan,nan,nan,0,0,0,20,1.95,0.9666422009468079,6.938409805297852,nan,nan,0,nan,nan,0.9892582438886166,0.9891802044585347,20,0.4677710114166376
default,0.3,0.2,True,20,500,8030,0,0.0,100.0,100,0.0,100.0,0,0,nan,nan,nan,0,0,0,20,2.4,0.976280152797699,3.592158794403076,nan,nan,0,nan,nan,0.9892128156498075,0.9892128156498075,0,nan
default,0.3,0.2,True,20,500,9030,20,1.0,500.0,500,320.0,500.0,0,0,nan,nan,nan,0,0,0,20,2.1,0.966697633266449,6.937472343444824,nan,nan,0,nan,nan,0.9892582438886166,0.9891802044585347,20,0.4661899989224613
default,0.3,0.2,False,20,500,30,9,0.45,280.0,500,260.0,280.0,0,0,nan,nan,nan,0,0,0,9,15.777777777777779,1.0,0.06368522346019745,nan,nan,0,nan,nan,0.9892121447250247,0.9892117753624916,9,0.94309032587811
default,0.3,0.2,False,20,500,1030,10,0.5,300.0,500,286.0,300.0,0,0,nan,nan,nan,0,0,0,9,11.777777777777779,1.0,0.06368522346019745,nan,nan,0,nan,nan,0.9892121447250247,0.9892117753624916,10,0.946932458642805
default,0.3,0.2,False,20,500,2030,9,0.45,280.0,500,242.0,280.0,0,0,nan,nan,nan,0,0,0,12,11.166666666666666,1.0,0.06368522346019745,nan,nan,0,nan,nan,0.9892121447250247,0.9892117753624916,9,0.8712677786639631
default,0.3,0.2,False,20,500,3030,11,0.55,320.0,500,292.0,320.0,0,0,nan,nan,nan,0,0,0,12,15.333333333333334,1.0,0.06368522346019745,nan,nan,0,nan,nan,0.9892121447250247,0.9892117753624916,11,0.8577255531147056
default,0.3,0.2,False,20,500,4030,9,0.45,280.0,500,256.0,280.0,0,0,nan,nan,nan,0,0,0,12,3.8333333333333335,1.0,0.06368522346019745,nan,nan,0,nan,nan,0.9892121447250247,0.9892117753624916,9,0.9340593946881552
default,0.3,0.2,False,20,500,5030,9,0.45,280.0,500,256.0,280.0,0,0,nan,nan,nan,0,0,0,10,15.5,1.0,0.06368522346019745,nan,nan,0,nan,nan,0.9892121447250247,0.9892117753624916,9,0.9173758457907388
default,0.3,0.2,False,20,500,6030,9,0.45,280.0,500,270.0,280.0,0,0,nan,nan,nan,0,0,0,9,19.11111111111111,1.0,0.06368522346019745,nan,nan,0,nan,nan,0.9892121447250247,0.9892117753624916,9,0.996579623599031
default,0.3,0.2,False,20,500,7030,11,0.55,320.0,500,302.0,320.0,0,0,nan,nan,nan,0,0,0,11,14.727272727272727,1.0,0.06368522346019745,nan,nan,0,nan,nan,0.9892121447250247,0.9892117753624916,11,0.901274631385013
default,0.3,0.2,False,20,500,8030,10,0.5,300.0,500,272.0,300.0,0,0,nan,nan,nan,0,0,0,11,13.363636363636363,1.0,0.06368522346019745,nan,nan,0,nan,nan,0.9892121447250247,0.9892117753624916,10,0.8872583747888572
default,0.3,0.2,False,20,500,9030,10,0.5,300.0,500,262.0,300.0,0,0,nan,nan,nan,0,0,0,12,9.5,1.0,0.06368522346019745,nan,nan,0,nan,nan,0.9892121447250247,0.9892117753624916,10,0.8095720582954712
default,0.5,0.2,True,20,500,50,20,1.0,500.0,500,320.0,500.0,0,0,nan,nan,nan,0,0,0,20,2.4,0.9677503108978271,6.903011322021484,nan,nan,0,nan,nan,0.9891948053613305,0.9890643786638975,20,0.469344363595258
default,0.5,0.2,True,20,500,1050,20,1.0,500.0,500,320.0,500.0,0,0,nan,nan,nan,0,0,0,20,2.5,0.9667018055915833,6.942564964294434,nan,nan,0,nan,nan,0.9891949065029622,0.9890646701678634,20,0.4710863553358745
default,0.5,0.2,True,20,500,2050,20,1.0,500.0,500,320.0,500.0,0,0,nan,nan,nan,0,0,0,20,2.45,0.9682406187057495,6.851629257202148,nan,nan,0,nan,nan,0.9891945714130997,0.9890645733103156,20,0.46878294107723206
default,0.5,0.2,True,20,500,3050,20,1.0,500.0,500,320.0,500.0,0,0,nan,nan,nan,0,0,0,20,2.45,0.9677881002426147,6.8949384689331055,nan,nan,0,nan,nan,0.989194805547595,0.9890643786638975,20,0.46293908928787764
default,0.5,0.2,True,20,500,4050,20,1.0,500.0,500,320.0,500.0,0,0,nan,nan,nan,0,0,0,20,1.95,0.9681844711303711,6.850762367248535,nan,nan,0,nan,nan,0.9891945714130997,0.9890645733103156,20,0.46999890165922864
default,0.5,0.2,True,20,500,5050,20,1.0,500.0,500,320.0,500.0,0,0,nan,nan,nan,0,0,0,20,2.4,0.9741858243942261,6.088204860687256,nan,nan,0,nan,nan,0.9891896931454539,0.9890620764344931,20,0.5702980202174954
default,0.5,0.2,True,20,500,6050,0,0.0,100.0,100,0.0,100.0,0,0,nan,nan,nan,0,0,0,20,2.35,0.9762423634529114,3.591423988342285,nan,nan,0,nan,nan,0.9891194319352508,0.9891194319352508,0,nan
default,0.5,0.2,True,20,500,7050,20,1.0,500.0,500,320.0,500.0,0,0,nan,nan,nan,0,0,0,20,2.4,0.9673902988433838,6.8849334716796875,nan,nan,0,nan,nan,0.989194524474442,0.989064616151154,20,0.4733599684569569
default,0.5,0.2,True,20,500,8050,20,1.0,500.0,500,320.0,500.0,0,0,nan,nan,nan,0,0,0,20,2.45,0.9681639075279236,6.860361099243164,nan,nan,0,nan,nan,0.9891945706680417,0.9890645705163479,20,0.4712991708891976
default,0.5,0.2,True,20,500,9050,20,1.0,500.0,500,320.0,500.0,0,0,nan,nan,nan,0,0,0,20,2.5,0.9675231575965881,6.904539585113525,nan,nan,0,nan,nan,0.9891948053613305,0.9890643786638975,20,0.46267988937085447
default,0.5,0.2,False,20,500,50,9,0.45,280.0,500,256.0,280.0,0,0,nan,nan,nan,0,0,0,6,14.0,1.0,0.06368522346019745,nan,nan,0,nan,nan,0.9891182029619813,0.9891174053773284,9,0.9464376163594286
default,0.5,0.2,False,20,500,1050,10,0.5,300.0,500,286.0,300.0,0,0,nan,nan,nan,0,0,0,5,37.4,1.0,0.06368522346019745,nan,nan,0,nan,nan,0.9891182029619813,0.9891174053773284,10,0.9356974311085049
default,0.5,0.2,False,20,500,2050,9,0.45,280.0,500,270.0,280.0,0,0,nan,nan,nan,0,0,0,3,3.3333333333333335,1.0,0.06368522346019745,nan,nan,0,nan,nan,0.9891182029619813,0.9891174053773284,9,1.0131448390310356
default,0.5,0.2,False,20,500,3050,10,0.5,300.0,500,290.0,300.0,0,0,nan,nan,nan,0,0,0,2,1.5,1.0,0.06368522346019745,nan,nan,0,nan,nan,0.9891182029619813,0.9891174053773284,10,0.9893924303558286
default,0.5,0.2,False,20,500,4050,10,0.5,300.0,500,286.0,300.0,0,0,nan,nan,nan,0,0,0,4,2.5,1.0,0.06368522346019745,nan,nan,0,nan,nan,0.9891182029619813,0.9891174053773284,10,0.9506616308989602
default,0.5,0.2,False,20,500,5050,10,0.5,300.0,500,282.0,300.0,0,0,nan,nan,nan,0,0,0,6,3.6666666666666665,1.0,0.06368522346019745,nan,nan,0,nan,nan,0.9891182029619813,0.9891174053773284,10,0.9391715035943567
default,0.5,0.2,False,20,500,6050,10,0.5,300.0,500,286.0,300.0,0,0,nan,nan,nan,0,0,0,2,1.0,1.0,0.06368522346019745,nan,nan,0,nan,nan,0.9891182029619813,0.9891174053773284,10,0.9551073241448897
default,0.5,0.2,False,20,500,7050,10,0.5,300.0,500,286.0,300.0,0,0,nan,nan,nan,0,0,0,3,1.3333333333333333,1.0,0.06368522346019745,nan,nan,0,nan,nan,0.9891182029619813,0.9891174053773284,10,0.945310668843289
default,0.5,0.2,False,20,500,8050,9,0.45,280.0,500,270.0,280.0,0,0,nan,nan,nan,0,0,0,3,5.333333333333333,1.0,0.06368522346019745,nan,nan,0,nan,nan,0.9891182029619813,0.9891174053773284,9,1.0188922260143496
default,0.5,0.2,False,20,500,9050,9,0.45,280.0,500,270.0,280.0,0,0,nan,nan,nan,0,0,0,2,5.0,1.0,0.06368522346019745,nan,nan,0,nan,nan,0.9891182029619813,0.9891174053773284,9,1.010382221816588
maze,0.0,0.2,True,20,500,0,0,0.0,100.0,100,0.0,100.0,0,0,nan,nan,nan,0,0,0,0,nan,0.9281827807426453,0.03170377016067505,nan,nan,0,nan,nan,0.37852466106414795,0.37852466106414795,0,nan
maze,0.0,0.2,True,20,500,1000,0,0.0,100.0,100,0.0,100.0,0,0,nan,nan,nan,0,0,0,0,nan,0.9281827807426453,0.03170377016067505,nan,nan,0,nan,nan,0.37852466106414795,0.37852466106414795,0,nan
maze,0.0,0.2,True,20,500,2000,0,0.0,100.0,100,0.0,100.0,0,0,nan,nan,nan,0,0,0,0,nan,0.9281827807426453,0.03170377016067505,nan,nan,0,nan,nan,0.37852466106414795,0.37852466106414795,0,nan
maze,0.0,0.2,True,20,500,3000,0,0.0,100.0,100,0.0,100.0,0,0,nan,nan,nan,0,0,0,0,nan,0.9281827807426453,0.03170377016067505,nan,nan,0,nan,nan,0.37852466106414795,0.37852466106414795,0,nan
maze,0.0,0.2,True,20,500,4000,0,0.0,100.0,100,0.0,100.0,0,0,nan,nan,nan,0,0,0,0,nan,0.9281827807426453,0.03170377016067505,nan,nan,0,nan,nan,0.37852466106414795,0.37852466106414795,0,nan
maze,0.0,0.2,True,20,500,5000,0,0.0,100.0,100,0.0,100.0,0,0,nan,nan,nan,0,0,0,0,nan,0.9281827807426453,0.03170377016067505,nan,nan,0,nan,nan,0.37852466106414795,0.37852466106414795,0,nan
maze,0.0,0.2,True,20,500,6000,0,0.0,100.0,100,0.0,100.0,0,0,nan,nan,nan,0,0,0,0,nan,0.9281827807426453,0.03170377016067505,nan,nan,0,nan,nan,0.37852466106414795,0.37852466106414795,0,nan
maze,0.0,0.2,True,20,500,7000,0,0.0,100.0,100,0.0,100.0,0,0,nan,nan,nan,0,0,0,0,nan,0.9281827807426453,0.03170377016067505,nan,nan,0,nan,nan,0.37852466106414795,0.37852466106414795,0,nan
maze,0.0,0.2,True,20,500,8000,0,0.0,100.0,100,0.0,100.0,0,0,nan,nan,nan,0,0,0,0,nan,0.9281827807426453,0.03170377016067505,nan,nan,0,nan,nan,0.37852466106414795,0.37852466106414795,0,nan
maze,0.0,0.2,True,20,500,9000,0,0.0,100.0,100,0.0,100.0,0,0,nan,nan,nan,0,0,0,0,nan,0.9281827807426453,0.03170377016067505,nan,nan,0,nan,nan,0.37852466106414795,0.37852466106414795,0,nan
maze,0.0,0.2,False,20,500,0,0,0.0,100.0,100,0.0,100.0,0,0,nan,nan,nan,0,0,0,0,nan,1.0,0.022636640816926956,nan,nan,0,nan,nan,0.37852466106414795,0.37852466106414795,0,nan
maze,0.0,0.2,False,20,500,1000,0,0.0,100.0,100,0.0,100.0,0,0,nan,nan,nan,0,0,0,0,nan,1.0,0.022636640816926956,nan,nan,0,nan,nan,0.37852466106414795,0.37852466106414795,0,nan
maze,0.0,0.2,False,20,500,2000,0,0.0,100.0,100,0.0,100.0,0,0,nan,nan,nan,0,0,0,0,nan,1.0,0.022636640816926956,nan,nan,0,nan,nan,0.37852466106414795,0.37852466106414795,0,nan
maze,0.0,0.2,False,20,500,3000,0,0.0,100.0,100,0.0,100.0,0,0,nan,nan,nan,0,0,0,0,nan,1.0,0.022636640816926956,nan,nan,0,nan,nan,0.37852466106414795,0.37852466106414795,0,nan
maze,0.0,0.2,False,20,500,4000,0,0.0,100.0,100,0.0,100.0,0,0,nan,nan,nan,0,0,0,0,nan,1.0,0.022636640816926956,nan,nan,0,nan,nan,0.37852466106414795,0.37852466106414795,0,nan
maze,0.0,0.2,False,20,500,5000,0,0.0,100.0,100,0.0,100.0,0,0,nan,nan,nan,0,0,0,0,nan,1.0,0.022636640816926956,nan,nan,0,nan,nan,0.37852466106414795,0.37852466106414795,0,nan
maze,0.0,0.2,False,20,500,6000,0,0.0,100.0,100,0.0,100.0,0,0,nan,nan,nan,0,0,0,0,nan,1.0,0.022636640816926956,nan,nan,0,nan,nan,0.37852466106414795,0.37852466106414795,0,nan
maze,0.0,0.2,False,20,500,7000,0,0.0,100.0,100,0.0,100.0,0,0,nan,nan,nan,0,0,0,0,nan,1.0,0.022636640816926956,nan,nan,0,nan,nan,0.37852466106414795,0.37852466106414795,0,nan
maze,0.0,0.2,False,20,500,8000,0,0.0,100.0,100,0.0,100.0,0,0,nan,nan,nan,0,0,0,0,nan,1.0,0.022636640816926956,nan,nan,0,nan,nan,0.37852466106414795,0.37852466106414795,0,nan
maze,0.0,0.2,False,20,500,9000,0,0.0,100.0,100,0.0,100.0,0,0,nan,nan,nan,0,0,0,0,nan,1.0,0.022636640816926956,nan,nan,0,nan,nan,0.37852466106414795,0.37852466106414795,0,nan
maze,0.1,0.2,True,20,500,10,20,1.0,500.0,500,600.0,500.0,0,0,nan,nan,nan,0,0,0,20,1.05,0.9860026836395264,4.564656734466553,nan,nan,20,0.0,1.0,0.37852481603622434,0.3785246014595032,20,0.8822821824242266
maze,0.1,0.2,True,20,500,1010,20,1.0,500.0,500,600.0,500.0,0,0,nan,nan,nan,0,0,0,20,1.0,0.9860000014305115,4.564065933227539,nan,nan,20,0.0,1.0,0.37852481603622434,0.3785246014595032,20,0.8826964004210819
maze,0.1,0.2,True,20,500,2010,20,1.0,500.0,500,600.0,500.0,0,0,nan,nan,nan,0,0,0,20,1.0,0.9855189323425293,4.564384937286377,nan,nan,20,0.0,1.0,0.37852481603622434,0.3785246014595032,20,0.8381019565103921
maze,0.1,0.2,True,20,500,3010,20,1.0,500.0,500,600.0,500.0,0,0,nan,nan,nan,0,0,0,20,1.1,0.9859442710876465,4.564391613006592,nan,nan,20,0.0,1.0,0.37852481603622434,0.3785246014595032,20,0.8904349859238355
maze,0.1,0.2,True,20,500,4010,20,1.0,500.0,500,600.0,500.0,0,0,nan,nan,nan,0,0,0,20,1.05,0.9860854148864746,4.565300464630127,nan,nan,20,0.0,1.0,0.37852481603622434,0.3785246014595032,20,0.901904629194217
maze,0.1,0.2,True,20,500,5010,20,1.0,500.0,500,600.0,500.0,0,0,nan,nan,nan,0,0,0,20,1.1,0.9860475063323975,4.565792560577393,nan,nan,20,0.0,1.0,0.37852481603622434,0.3785246014595032,20,0.8906069923546844
maze,0.1,0.2,True,20,500,6010,20,1.0,500.0,500,600.0,500.0,0,0,nan,nan,nan,0,0,0,20,1.0,0.9860340356826782,4.564829349517822,nan,nan,20,0.0,1.0,0.37852481603622434,0.3785246014595032,20,0.8877293819491966
maze,0.1,0.2,True,20,500,7010,20,1.0,500.0,500,600.0,500.0,0,0,nan,nan,nan,0,0,0,20,1.05,0.9859472513198853,4.5727009773254395,nan,nan,20,0.0,1.0,0.37852481603622434,0.3785246014595032,20,0.8808147353310909
maze,0.1,0.2,True,20,500,8010,20,1.0,500.0,500,600.0,500.0,0,0,nan,nan,nan,0,0,0,20,1.1,0.9860415458679199,4.5638251304626465,nan,nan,20,0.0,1.0,0.37852481603622434,0.3785246014595032,20,0.8946505948429244
maze,0.1,0.2,True,20,500,9010,20,1.0,500.0,500,600.0,500.0,0,0,nan,nan,nan,0,0,0,20,1.0,0.9860570430755615,4.565114498138428,nan,nan,20,0.0,1.0,0.37852481603622434,0.3785246014595032,20,0.8985592843172414
maze,0.1,0.2,False,20,500,10,20,1.0,500.0,500,600.0,500.0,0,0,nan,nan,nan,0,0,0,20,1.25,1.0,0.026535509154200554,nan,nan,20,0.0,1.0,0.3785256266593933,0.3785257339477539,20,1.0094461959969452
maze,0.1,0.2,False,20,500,1010,20,1.0,500.0,500,600.0,500.0,0,0,nan,nan,nan,0,0,0,20,1.15,1.0,0.026535509154200554,nan,nan,20,0.0,1.0,0.3785256266593933,0.3785257339477539,20,1.0032271546152116
maze,0.1,0.2,False,20,500,2010,20,1.0,500.0,500,600.0,500.0,0,0,nan,nan,nan,0,0,0,20,1.45,1.0,0.026535509154200554,nan,nan,20,0.0,1.0,0.3785256266593933,0.3785257339477539,20,0.9966183416969777
maze,0.1,0.2,False,20,500,3010,20,1.0,500.0,500,600.0,500.0,0,0,nan,nan,nan,0,0,0,20,1.2,1.0,0.026535509154200554,nan,nan,20,0.0,1.0,0.3785256266593933,0.3785257339477539,20,0.9830788154991978
maze,0.1,0.2,False,20,500,4010,20,1.0,500.0,500,600.0,500.0,0,0,nan,nan,nan,0,0,0,20,1.1,1.0,0.026535509154200554,nan,nan,20,0.0,1.0,0.3785256266593933,0.3785257339477539,20,0.9988054815741789
maze,0.1,0.2,False,20,500,5010,20,1.0,500.0,500,600.0,500.0,0,0,nan,nan,nan,0,0,0,20,1.35,1.0,0.026535509154200554,nan,nan,20,0.0,1.0,0.3785256266593933,0.3785257339477539,20,0.9940846600722416
maze,0.1,0.2,False,20,500,6010,20,1.0,500.0,500,600.0,500.0,0,0,nan,nan,nan,0,0,0,20,1.4,1.0,0.026535509154200554,nan,nan,20,0.0,1.0,0.3785256266593933,0.3785257339477539,20,0.9939463584709035
maze,0.1,0.2,False,20,500,7010,20,1.0,500.0,500,600.0,500.0,0,0,nan,nan,nan,0,0,0,20,1.35,1.0,0.026535509154200554,nan,nan,20,0.0,1.0,0.3785256266593933,0.3785257339477539,20,0.9961372778984471
maze,0.1,0.2,False,20,500,8010,20,1.0,500.0,500,600.0,500.0,0,0,nan,nan,nan,0,0,0,20,1.3,1.0,0.026535509154200554,nan,nan,20,0.0,1.0,0.3785256266593933,0.3785257339477539,20,1.0002414782837763
maze,0.1,0.2,False,20,500,9010,20,1.0,500.0,500,600.0,500.0,0,0,nan,nan,nan,0,0,0,20,1.2,1.0,0.026535509154200554,nan,nan,20,0.0,1.0,0.3785256266593933,0.3785257339477539,20,0.9938814091407057
maze,0.3,0.2,True,20,500,30,20,1.0,500.0,500,600.0,500.0,0,0,nan,nan,nan,0,0,0,20,1.0,0.9860595464706421,4.564979553222656,nan,nan,20,0.0,1.0,0.37852513790130615,0.3785247206687927,20,0.8982295110077058
maze,0.3,0.2,True,20,500,1030,20,1.0,500.0,500,600.0,500.0,0,0,nan,nan,nan,0,0,0,20,1.0,0.9860407710075378,4.564923286437988,nan,nan,20,0.0,1.0,0.37852513790130615,0.3785247206687927,20,0.8971135279029252
maze,0.3,0.2,True,20,500,2030,20,1.0,500.0,500,600.0,500.0,0,0,nan,nan,nan,0,0,0,20,1.0,0.9860570430755615,4.565114498138428,nan,nan,20,0.0,1.0,0.37852513790130615,0.3785247206687927,20,0.8985592843172414
maze,0.3,0.2,True,20,500,3030,20,1.0,500.0,500,600.0,500.0,0,0,nan,nan,nan,0,0,0,20,1.05,0.9860183000564575,4.564249515533447,nan,nan,20,0.0,1.0,0.37852513790130615,0.3785247206687927,20,0.8950923611157364
maze,0.3,0.2,True,20,500,4030,20,1.0,500.0,500,600.0,500.0,0,0,nan,nan,nan,0,0,0,20,1.0,0.9860407710075378,4.564923286437988,nan,nan,20,0.0,1.0,0.37852513790130615,0.3785247206687927,20,0.8971135279029252
maze,0.3,0.2,True,20,500,5030,20,1.0,500.0,500,600.0,500.0,0,0,nan,nan,nan,0,0,0,20,1.05,0.9860161542892456,4.564595699310303,nan,nan,20,0.0,1.0,0.37852513790130615,0.3785247206687927,20,0.8949753386609072
maze,0.3,0.2,True,20,500,6030,20,1.0,500.0,500,600.0,500.0,0,0,nan,nan,nan,0,0,0,20,1.0,0.9860477447509766,4.563499450683594,nan,nan,20,0.0,1.0,0.37852513790130615,0.3785247206687927,20,0.8915224272685693
maze,0.3,0.2,True,20,500,7030,20,1.0,500.0,500,600.0,500.0,0,0,nan,nan,nan,0,0,0,20,1.0,0.9860586524009705,4.5649309158325195,nan,nan,20,0.0,1.0,0.37852513790130615,0.3785247206687927,20,0.8981605930541449
maze,0.3,0.2,True,20,500,8030,20,1.0,500.0,500,600.0,500.0,0,0,nan,nan,nan,0,0,0,20,1.0,0.9860407710075378,4.564923286437988,nan,nan,20,0.0,1.0,0.37852513790130615,0.3785247206687927,20,0.8971135279029252
maze,0.3,0.2,True,20,500,9030,20,1.0,500.0,500,600.0,500.0,0,0,nan,nan,nan,0,0,0,20,1.0,0.9860283732414246,4.563376426696777,nan,nan,20,0.0,1.0,0.37852513790130615,0.3785247206687927,20,0.8903678027328293
maze,0.3,0.2,False,20,500,30,20,1.0,500.0,500,600.0,500.0,0,0,nan,nan,nan,0,0,0,20,1.05,1.0,0.026535509154200554,nan,nan,20,0.0,1.0,0.3785274624824524,0.37852776050567627,20,1.0164637291847451
maze,0.3,0.2,False,20,500,1030,20,1.0,500.0,500,600.0,500.0,0,0,nan,nan,nan,0,0,0,20,1.05,1.0,0.026535509154200554,nan,nan,20,0.0,1.0,0.3785274624824524,0.37852776050567627,20,1.0234249316726944
maze,0.3,0.2,False,20,500,2030,20,1.0,500.0,500,600.0,500.0,0,0,nan,nan,nan,0,0,0,20,1.1,1.0,0.026535509154200554,nan,nan,20,0.0,1.0,0.3785274624824524,0.37852776050567627,20,1.0193049183041065
maze,0.3,0.2,False,20,500,3030,20,1.0,500.0,500,600.0,500.0,0,0,nan,nan,nan,0,0,0,20,1.0,1.0,0.026535509154200554,nan,nan,20,0.0,1.0,0.3785274624824524,0.37852776050567627,20,1.0253221356996975
maze,0.3,0.2,False,20,500,4030,20,1.0,500.0,500,600.0,500.0,0,0,nan,nan,nan,0,0,0,20,1.05,1.0,0.026535509154200554,nan,nan,20,0.0,1.0,0.3785274624824524,0.37852776050567627,20,1.0297929935637964
maze,0.3,0.2,False,20,500,5030,20,1.0,500.0,500,600.0,500.0,0,0,nan,nan,nan,0,0,0,20,1.05,1.0,0.026535509154200554,nan,nan,20,0.0,1.0,0.3785274624824524,0.37852776050567627,20,1.0278965911327804
maze,0.3,0.2,False,20,500,6030,20,1.0,500.0,500,600.0,500.0,0,0,nan,nan,nan,0,0,0,20,1.0,1.0,0.026535509154200554,nan,nan,20,0.0,1.0,0.3785274624824524,0.37852776050567627,20,1.0253730749116756
maze,0.3,0.2,False,20,500,7030,20,1.0,500.0,500,600.0,500.0,0,0,nan,nan,nan,0,0,0,20,1.05,1.0,0.026535509154200554,nan,nan,20,0.0,1.0,0.3785274624824524,0.37852776050567627,20,1.0250929849159207
maze,0.3,0.2,False,20,500,8030,20,1.0,500.0,500,600.0,500.0,0,0,nan,nan,nan,0,0,0,20,1.0,1.0,0.026535509154200554,nan,nan,20,0.0,1.0,0.3785274624824524,0.37852776050567627,20,1.0238354687389095
maze,0.3,0.2,False,20,500,9030,20,1.0,500.0,500,600.0,500.0,0,0,nan,nan,nan,0,0,0,20,1.0,1.0,0.026535509154200554,nan,nan,20,0.0,1.0,0.3785274624824524,0.37852776050567627,20,1.025212632495262
maze,0.5,0.2,True,20,500,50,20,1.0,500.0,500,600.0,500.0,0,0,nan,nan,nan,0,0,0,20,1.0,0.9860407710075378,4.564923286437988,nan,nan,20,0.0,1.0,0.37852553129196165,0.3785247802734375,20,0.8971135279029252
maze,0.5,0.2,True,20,500,1050,20,1.0,500.0,500,600.0,500.0,0,0,nan,nan,nan,0,0,0,20,1.0,0.9860407710075378,4.564923286437988,nan,nan,20,0.0,1.0,0.37852553129196165,0.3785247802734375,20,0.8971135279029252
maze,0.5,0.2,True,20,500,2050,20,1.0,500.0,500,600.0,500.0,0,0,nan,nan,nan,0,0,0,20,1.0,0.9860407710075378,4.564923286437988,nan,nan,20,0.0,1.0,0.37852553129196165,0.3785247802734375,20,0.8971135279029252
maze,0.5,0.2,True,20,500,3050,20,1.0,500.0,500,600.0,500.0,0,0,nan,nan,nan,0,0,0,20,1.0,0.9860407710075378,4.564923286437988,nan,nan,20,0.0,1.0,0.37852553129196165,0.3785247802734375,20,0.8971135279029252
maze,0.5,0.2,True,20,500,4050,20,1.0,500.0,500,600.0,500.0,0,0,nan,nan,nan,0,0,0,20,1.0,0.9860407710075378,4.564923286437988,nan,nan,20,0.0,1.0,0.37852553129196165,0.3785247802734375,20,0.8971135279029252
maze,0.5,0.2,True,20,500,5050,20,1.0,500.0,500,600.0,500.0,0,0,nan,nan,nan,0,0,0,20,1.0,0.9860407710075378,4.564923286437988,nan,nan,20,0.0,1.0,0.37852553129196165,0.3785247802734375,20,0.8971135279029252
maze,0.5,0.2,True,20,500,6050,20,1.0,500.0,500,600.0,500.0,0,0,nan,nan,nan,0,0,0,20,1.0,0.9860407710075378,4.564923286437988,nan,nan,20,0.0,1.0,0.37852553129196165,0.3785247802734375,20,0.8971135279029252
maze,0.5,0.2,True,20,500,7050,20,1.0,500.0,500,600.0,500.0,0,0,nan,nan,nan,0,0,0,20,1.0,0.9860407710075378,4.564923286437988,nan,nan,20,0.0,1.0,0.37852553129196165,0.3785247802734375,20,0.8971135279029252
maze,0.5,0.2,True,20,500,8050,20,1.0,500.0,500,600.0,500.0,0,0,nan,nan,nan,0,0,0,20,1.0,0.9860570430755615,4.565114498138428,nan,nan,20,0.0,1.0,0.37852553129196165,0.3785247802734375,20,0.8985592843172414
maze,0.5,0.2,True,20,500,9050,20,1.0,500.0,500,600.0,500.0,0,0,nan,nan,nan,0,0,0,20,1.0,0.9860532879829407,4.565155506134033,nan,nan,20,0.0,1.0,0.37852553129196165,0.3785247802734375,20,0.8986141957753204
maze,0.5,0.2,False,20,500,50,20,1.0,500.0,500,600.0,500.0,0,0,nan,nan,nan,0,0,0,20,1.0,1.0,0.026535509154200554,nan,nan,20,0.0,1.0,0.37852933406829836,0.37852996587753296,20,1.0243298980583282
maze,0.5,0.2,False,20,500,1050,20,1.0,500.0,500,600.0,500.0,0,0,nan,nan,nan,0,0,0,20,1.0,1.0,0.026535509154200554,nan,nan,20,0.0,1.0,0.37852933406829836,0.37852996587753296,20,1.0250189902461102
maze,0.5,0.2,False,20,500,2050,20,1.0,500.0,500,600.0,500.0,0,0,nan,nan,nan,0,0,0,20,1.0,1.0,0.026535509154200554,nan,nan,20,0.0,1.0,0.37852933406829836,0.37852996587753296,20,1.023560879390861
maze,0.5,0.2,False,20,500,3050,20,1.0,500.0,500,600.0,500.0,0,0,nan,nan,nan,0,0,0,20,1.0,1.0,0.026535509154200554,nan,nan,20,0.0,1.0,0.37852933406829836,0.37852996587753296,20,1.0245093580981168
maze,0.5,0.2,False,20,500,4050,20,1.0,500.0,500,600.0,500.0,0,0,nan,nan,nan,0,0,0,20,1.05,1.0,0.026535509154200554,nan,nan,20,0.0,1.0,0.37852933406829836,0.37852996587753296,20,1.0233124567183056
maze,0.5,0.2,False,20,500,5050,20,1.0,500.0,500,600.0,500.0,0,0,nan,nan,nan,0,0,0,20,1.0,1.0,0.026535509154200554,nan,nan,20,0.0,1.0,0.37852933406829836,0.37852996587753296,20,1.0239873284983754
maze,0.5,0.2,False,20,500,6050,20,1.0,500.0,500,600.0,500.0,0,0,nan,nan,nan,0,0,0,20,1.05,1.0,0.026535509154200554,nan,nan,20,0.0,1.0,0.37852933406829836,0.37852996587753296,20,1.0219848080774712
maze,0.5,0.2,False,20,500,7050,20,1.0,500.0,500,600.0,500.0,0,0,nan,nan,nan,0,0,0,20,1.05,1.0,0.026535509154200554,nan,nan,20,0.0,1.0,0.37852933406829836,0.37852996587753296,20,1.025085221625445
maze,0.5,0.2,False,20,500,8050,20,1.0,500.0,500,600.0,500.0,0,0,nan,nan,nan,0,0,0,20,1.0,1.0,0.026535509154200554,nan,nan,20,0.0,1.0,0.37852933406829836,0.37852996587753296,20,1.0225606716047997
maze,0.5,0.2,False,20,500,9050,20,1.0,500.0,500,600.0,500.0,0,0,nan,nan,nan,0,0,0,20,1.0,1.0,0.026535509154200554,nan,nan,20,0.0,1.0,0.37852933406829836,0.37852996587753296,20,1.0240742267936682
moving,0.0,0.2,True,20,500,0,9,0.45,280.0,500,270.0,280.0,0,0,nan,nan,nan,0,0,0,0,nan,0.9235808253288269,9.288537979125977,-4.093552565694936,0.0,0,nan,nan,0.989454080723226,0.9893376287072897,9,1.0206828536022075
moving,0.0,0.2,True,20,500,1000,9,0.45,280.0,500,270.0,280.0,0,0,nan,nan,nan,0,0,0,0,nan,0.9235808253288269,9.288537979125977,-4.093552565694936,0.0,0,nan,nan,0.989454080723226,0.9893376287072897,9,1.0206828536022075
moving,0.0,0.2,True,20,500,2000,9,0.45,280.0,500,270.0,280.0,0,0,nan,nan,nan,0,0,0,0,nan,0.9235808253288269,9.288537979125977,-4.093552565694936,0.0,0,nan,nan,0.989454080723226,0.9893376287072897,9,1.0206828536022075
moving,0.0,0.2,True,20,500,3000,9,0.45,280.0,500,270.0,280.0,0,0,nan,nan,nan,0,0,0,0,nan,0.9235808253288269,9.288537979125977,-4.093552565694936,0.0,0,nan,nan,0.989454080723226,0.9893376287072897,9,1.0206828536022075
moving,0.0,0.2,True,20,500,4000,9,0.45,280.0,500,270.0,280.0,0,0,nan,nan,nan,0,0,0,0,nan,0.9235808253288269,9.288537979125977,-4.093552565694936,0.0,0,nan,nan,0.989454080723226,0.9893376287072897,9,1.0206828536022075
moving,0.0,0.2,True,20,500,5000,9,0.45,280.0,500,270.0,280.0,0,0,nan,nan,nan,0,0,0,0,nan,0.9235808253288269,9.288537979125977,-4.093552565694936,0.0,0,nan,nan,0.989454080723226,0.9893376287072897,9,1.0206828536022075
moving,0.0,0.2,True,20,500,6000,9,0.45,280.0,500,270.0,280.0,0,0,nan,nan,nan,0,0,0,0,nan,0.9235808253288269,9.288537979125977,-4.093552565694936,0.0,0,nan,nan,0.989454080723226,0.9893376287072897,9,1.0206828536022075
moving,0.0,0.2,True,20,500,7000,9,0.45,280.0,500,270.0,280.0,0,0,nan,nan,nan,0,0,0,0,nan,0.9235808253288269,9.288537979125977,-4.093552565694936,0.0,0,nan,nan,0.989454080723226,0.9893376287072897,9,1.0206828536022075
moving,0.0,0.2,True,20,500,8000,9,0.45,280.0,500,270.0,280.0,0,0,nan,nan,nan,0,0,0,0,nan,0.9235808253288269,9.288537979125977,-4.093552565694936,0.0,0,nan,nan,0.989454080723226,0.9893376287072897,9,1.0206828536022075
moving,0.0,0.2,True,20,500,9000,9,0.45,280.0,500,270.0,280.0,0,0,nan,nan,nan,0,0,0,0,nan,0.9235808253288269,9.288537979125977,-4.093552565694936,0.0,0,nan,nan,0.989454080723226,0.9893376287072897,9,1.0206828536022075
moving,0.0,0.2,False,20,500,0,9,0.45,280.0,500,270.0,280.0,0,0,nan,nan,nan,0,0,0,0,nan,1.0,0.07164590060710907,-4.093552565694936,0.0,0,nan,nan,0.989454080723226,0.9893376287072897,9,1.0206828536022075
moving,0.0,0.2,False,20,500,1000,9,0.45,280.0,500,270.0,280.0,0,0,nan,nan,nan,0,0,0,0,nan,1.0,0.07164590060710907,-4.093552565694936,0.0,0,nan,nan,0.989454080723226,0.9893376287072897,9,1.0206828536022075
moving,0.0,0.2,False,20,500,2000,9,0.45,280.0,500,270.0,280.0,0,0,nan,nan,nan,0,0,0,0,nan,1.0,0.07164590060710907,-4.093552565694936,0.0,0,nan,nan,0.989454080723226,0.9893376287072897,9,1.0206828536022075
moving,0.0,0.2,False,20,500,3000,9,0.45,280.0,500,270.0,280.0,0,0,nan,nan,nan,0,0,0,0,nan,1.0,0.07164590060710907,-4.093552565694936,0.0,0,nan,nan,0.989454080723226,0.9893376287072897,9,1.0206828536022075
moving,0.0,0.2,False,20,500,4000,9,0.45,280.0,500,270.0,280.0,0,0,nan,nan,nan,0,0,0,0,nan,1.0,0.07164590060710907,-4.093552565694936,0.0,0,nan,nan,0.989454080723226,0.9893376287072897,9,1.0206828536022075
moving,0.0,0.2,False,20,500,5000,9,0.45,280.0,500,270.0,280.0,0,0,nan,nan,nan,0,0,0,0,nan,1.0,0.07164590060710907,-4.093552565694936,0.0,0,nan,nan,0.989454080723226,0.9893376287072897,9,1.0206828536022075
moving,0.0,0.2,False,20,500,6000,9,0.45,280.0,500,270.0,280.0,0,0,nan,nan,nan,0,0,0,0,nan,1.0,0.07164590060710907,-4.093552565694936,0.0,0,nan,nan,0.989454080723226,0.9893376287072897,9,1.0206828536022075
moving,0.0,0.2,False,20,500,7000,9,0.45,280.0,500,270.0,280.0,0,0,nan,nan,nan,0,0,0,0,nan,1.0,0.07164590060710907,-4.093552565694936,0.0,0,nan,nan,0.989454080723226,0.9893376287072897,9,1.0206828536022075
moving,0.0,0.2,False,20,500,8000,9,0.45,280.0,500,270.0,280.0,0,0,nan,nan,nan,0,0,0,0,nan,1.0,0.07164590060710907,-4.093552565694936,0.0,0,nan,nan,0.989454080723226,0.9893376287072897,9,1.0206828536022075
moving,0.0,0.2,False,20,500,9000,9,0.45,280.0,500,270.0,280.0,0,0,nan,nan,nan,0,0,0,0,nan,1.0,0.07164590060710907,-4.093552565694936,0.0,0,nan,nan,0.989454080723226,0.9893376287072897,9,1.0206828536022075
moving,0.1,0.2,True,20,500,10,20,1.0,500.0,500,320.0,500.0,20,0,nan,nan,nan,0,0,0,20,2.25,0.926633358001709,12.277875900268555,-4.450428012625521,0.030927835051546393,0,nan,nan,0.9895510580390692,0.9895491357892752,20,0.6564890748117392
moving,0.1,0.2,True,20,500,1010,20,1.0,500.0,500,320.0,500.0,20,0,nan,nan,nan,0,0,0,20,2.25,0.9275733232498169,12.12782096862793,-4.451097660345329,0.030927835051546393,0,nan,nan,0.9895509866997599,0.9895490640774369,20,0.6635359323807989
moving,0.1,0.2,True,20,500,2010,20,1.0,500.0,500,320.0,500.0,20,0,nan,nan,nan,0,0,0,20,2.2,0.9260404109954834,12.256792068481445,-4.45093200947977,0.030927835051546393,0,nan,nan,0.9895510442554951,0.9895491376519203,20,0.6407886604635529
moving,0.1,0.2,True,20,500,3010,20,1.0,500.0,500,320.0,500.0,20,0,nan,nan,nan,0,0,0,20,1.75,0.9264642596244812,12.275795936584473,-4.450428012625521,0.030927835051546393,0,nan,nan,0.9895510580390692,0.9895491357892752,20,0.6575931422074798
moving,0.1,0.2,True,20,500,4010,20,1.0,500.0,500,320.0,500.0,20,0,nan,nan,nan,0,0,0,20,1.8,0.9265105128288269,12.264719009399414,-4.447158764787047,0.030927835051546393,0,nan,nan,0.9895511088892818,0.9895488861948252,20,0.6585944795284469
moving,0.1,0.2,True,20,500,5010,17,0.85,440.0,500,272.0,440.0,17,0,nan,nan,nan,0,0,0,20,2.25,0.9208627939224243,13.106120109558105,-3.8384418173991968,0.02616279069767442,0,nan,nan,0.989550037868321,0.9895413592457771,17,0.6660559734599327
moving,0.1,0.2,True,20,500,6010,17,0.85,440.0,500,272.0,440.0,17,0,nan,nan,nan,0,0,0,20,1.65,0.9203388690948486,13.122982025146484,-3.842410889106179,0.02616279069767442,0,nan,nan,0.9895500788465142,0.9895415622740984,17,0.6265875806466368
moving,0.1,0.2,True,20,500,7010,20,1.0,500.0,500,320.0,500.0,20,0,nan,nan,nan,0,0,0,20,2.1,0.9259451627731323,12.273988723754883,-4.449387529623121,0.030927835051546393,0,nan,nan,0.9895511077716946,0.9895491972565651,20,0.6425005362177939
moving,0.1,0.2,True,20,500,8010,20,1.0,500.0,500,320.0,500.0,20,0,nan,nan,nan,0,0,0,20,2.25,0.9258134365081787,12.248631477355957,-4.446157536354973,0.030927835051546393,0,nan,nan,0.989551093056798,0.9895491832867265,20,0.6411644401108394
moving,0.1,0.2,True,20,500,9010,20,1.0,500.0,500,320.0,500.0,20,0,nan,nan,nan,0,0,0,20,1.85,0.9274098873138428,12.204156875610352,-4.448528437294952,0.030927835051546393,0,nan,nan,0.9895509941503405,0.9895490733906627,20,0.6680883523724688
moving,0.1,0.2,False,20,500,10,0,0.0,143.0,280,0.0,143.0,0,0,nan,nan,nan,0,0,0,15,2.1333333333333333,1.0,0.06643505394458771,0.3485273653175924,0.12699633929708842,0,nan,nan,0.989231877339383,0.9895846219733357,8,0.7351633721173607
moving,0.1,0.2,False,20,500,1010,0,0.0,148.0,200,0.0,148.0,0,0,nan,nan,nan,0,0,0,14,1.7142857142857142,1.0,0.06379027664661407,0.2757982936933523,0.11469087480715387,0,nan,nan,0.9890555050224066,0.9890450220555067,10,0.6976096364585807
moving,0.1,0.2,False,20,500,2010,0,0.0,133.5,200,0.0,133.5,0,0,nan,nan,nan,0,0,0,15,1.9333333333333333,1.0,0.06379027664661407,0.3286674072364508,0.126803792795317,0,nan,nan,0.9890555050224066,0.9890450220555067,7,0.7915649868735043
moving,0.1,0.2,False,20,500,3010,0,0.0,155.5,280,0.0,155.5,0,0,nan,nan,nan,0,0,0,16,1.8125,1.0,0.06643505394458771,-0.09035061841835793,0.11779506753483715,0,nan,nan,0.989231877339383,0.9895846219733357,11,0.5886901423327111
moving,0.1,0.2,False,20,500,4010,0,0.0,143.0,200,0.0,143.0,0,0,nan,nan,nan,0,0,0,15,1.6666666666666667,1.0,0.06379027664661407,0.2798157719323596,0.1258027755556825,0,nan,nan,0.9890555050224066,0.9890450220555067,9,0.6606747554499637
moving,0.1,0.2,False,20,500,5010,0,0.0,129.5,200,0.0,129.5,0,0,nan,nan,nan,0,0,0,15,2.066666666666667,1.0,0.06379027664661407,0.5705103869454838,0.1374354679732587,0,nan,nan,0.9890555050224066,0.9890450220555067,6,0.8443707805287023
moving,0.1,0.2,False,20,500,6010,0,0.0,143.5,200,0.0,143.5,0,0,nan,nan,nan,0,0,0,14,1.8571428571428572,1.0,0.06379027664661407,0.2381264067600887,0.12071678046968745,0,nan,nan,0.9890555050224066,0.9890450220555067,9,0.7406806069107019
moving,0.1,0.2,False,20,500,7010,0,0.0,138.5,200,0.0,138.5,0,0,nan,nan,nan,0,0,0,15,2.1333333333333333,1.0,0.06379027664661407,0.4534539682794863,0.12645091709045198,0,nan,nan,0.9890555050224066,0.9890450220555067,8,0.7329433051446438
moving,0.1,0.2,False,20,500,8010,0,0.0,156.0,200,0.0,156.0,0,0,nan,nan,nan,0,0,0,15,2.2666666666666666,1.0,0.06379027664661407,-0.15999060973380352,0.10670299735023747,0,nan,nan,0.9890555050224066,0.9890450220555067,12,0.622520227537227
moving,0.1,0.2,False,20,500,9010,0,0.0,137.5,200,0.0,137.5,0,0,nan,nan,nan,0,0,0,16,1.625,1.0,0.06379027664661407,0.2635879873180116,0.12599265282947686,0,nan,nan,0.9890555050224066,0.9890450220555067,8,0.6313503089446115
moving,0.3,0.2,True,20,500,30,0,0.0,100.0,100,0.0,100.0,0,0,nan,nan,nan,0,0,0,20,2.5,0.9771188497543335,3.121192216873169,1.5330643938595059,0.1764705882352941,0,nan,nan,0.9889523703604937,0.9889523703604937,0,nan
moving,0.3,0.2,True,20,500,1030,0,0.0,100.0,100,0.0,100.0,0,0,nan,nan,nan,0,0,0,20,2.0,0.977617084980011,3.1172585487365723,1.5433717421094582,0.1764705882352941,0,nan,nan,0.9889523703604937,0.9889523703604937,0,nan
moving,0.3,0.2,True,20,500,2030,18,0.9,460.0,500,288.0,460.0,18,0,nan,nan,nan,0,0,0,20,2.45,0.9242163896560669,12.83504867553711,-4.200130091052029,0.01744186046511628,0,nan,nan,0.9897384226322175,0.9899594709277153,18,0.616177112332887
moving,0.3,0.2,True,20,500,3030,17,0.85,440.0,500,272.0,440.0,17,0,nan,nan,nan,0,0,0,20,1.85,0.9203317165374756,13.123832702636719,-3.8433359763734374,0.02616279069767442,0,nan,nan,0.9897346742451191,0.9899353263899684,17,0.6498994068687837
moving,0.3,0.2,True,20,500,4030,20,1.0,500.0,500,320.0,500.0,20,0,nan,nan,nan,0,0,0,20,2.4,0.9268814325332642,12.234728813171387,-4.450338921198534,0.030927835051546393,0,nan,nan,0.9897390021011233,0.9899606518447399,20,0.6700720783493518
moving,0.3,0.2,True,20,500,5030,20,1.0,500.0,500,320.0,500.0,20,0,nan,nan,nan,0,0,0,20,2.3,0.9271258115768433,12.217020034790039,-4.450453885665466,0.030927835051546393,0,nan,nan,0.9897386837750674,0.9899603659287095,20,0.6800186395906803
moving,0.3,0.2,True,20,500,6030,0,0.0,100.0,100,0.0,100.0,0,0,nan,nan,nan,0,0,0,20,2.45,0.9771295189857483,3.1221001148223877,1.5330643938595059,0.1764705882352941,0,nan,nan,0.9889523703604937,0.9889523703604937,0,nan
moving,0.3,0.2,True,20,500,7030,20,1.0,500.0,500,320.0,500.0,20,0,nan,nan,nan,0,0,0,20,2.35,0.925837516784668,12.25979232788086,-4.449293725065468,0.030927835051546393,0,nan,nan,0.9897390251979232,0.9899607198312879,20,0.6553714387294016
moving,0.3,0.2,True,20,500,8030,17,0.85,440.0,500,272.0,440.0,17,0,nan,nan,nan,0,0,0,20,2.4,0.9203899502754211,13.124049186706543,-3.836554797920949,0.02616279069767442,0,nan,nan,0.9897349255159498,0.9899362167343497,17,0.6244120288676739
moving,0.3,0.2,True,20,500,9030,20,1.0,500.0,500,320.0,500.0,20,0,nan,nan,nan,0,0,0,20,2.35,0.9271060824394226,12.214842796325684,-4.449868001606623,0.030927835051546393,0,nan,nan,0.989738885872066,0.9899605456739664,20,0.6573086409696927
moving,0.3,0.2,False,20,500,30,0,0.0,163.0,280,0.0,163.0,0,0,nan,nan,nan,0,0,0,11,4.545454545454546,1.0,0.06643505394458771,-0.23493783219174613,0.0887646222769243,0,nan,nan,0.9891235909114281,0.9894371721893549,12,0.8646098704587387
moving,0.3,0.2,False,20,500,1030,0,0.0,158.0,200,0.0,158.0,0,0,nan,nan,nan,0,0,0,11,13.363636363636363,1.0,0.06379027664661407,-0.4694149425487747,0.07824920245521254,0,nan,nan,0.9889668002724648,0.9889812301844358,12,0.894624415224711
moving,0.3,0.2,False,20,500,2030,0,0.0,162.5,280,0.0,162.5,0,0,nan,nan,nan,0,0,0,12,10.75,1.0,0.06643505394458771,-0.28991082573869265,0.09427509509238373,0,nan,nan,0.9891235909114281,0.9894371721893549,12,0.8251958010370345
moving,0.3,0.2,False,20,500,3030,0,0.0,139.5,200,0.0,139.5,0,0,nan,nan,nan,0,0,0,12,11.666666666666666,1.0,0.06379027664661407,-0.02418773483032649,0.10179750442831836,0,nan,nan,0.9889668002724648,0.9889812301844358,8,0.9283531964805498
moving,0.3,0.2,False,20,500,4030,0,0.0,140.0,200,0.0,140.0,0,0,nan,nan,nan,0,0,0,11,8.090909090909092,1.0,0.06379027664661407,-0.010244285363173044,0.09824010056568197,0,nan,nan,0.9889668002724648,0.9889812301844358,8,1.0088797205000901
moving,0.3,0.2,False,20,500,5030,0,0.0,176.0,280,0.0,176.0,0,0,nan,nan,nan,0,0,0,12,5.083333333333333,1.0,0.06643505394458771,-0.6556629627363095,0.08065443998220825,0,nan,nan,0.9891235909114281,0.9894371721893549,15,0.728665396698817
moving,0.3,0.2,False,20,500,6030,0,0.0,149.0,200,0.0,149.0,0,0,nan,nan,nan,0,0,0,12,13.25,1.0,0.06379027664661407,-0.05051728955510536,0.09967733986629336,0,nan,nan,0.9889668002724648,0.9889812301844358,10,0.8969104242083811
moving,0.3,0.2,False,20,500,7030,0,0.0,158.0,200,0.0,158.0,0,0,nan,nan,nan,0,0,0,12,4.333333333333333,1.0,0.06379027664661407,-0.33862965252516236,0.09174686446488772,0,nan,nan,0.9889668002724648,0.9889812301844358,12,0.8098680881770516
moving,0.3,0.2,False,20,500,8030,0,0.0,158.5,200,0.0,158.5,0,0,nan,nan,nan,0,0,0,11,7.090909090909091,1.0,0.06379027664661407,-0.30310526809931726,0.0874578595508828,0,nan,nan,0.9889668002724648,0.9889812301844358,12,0.8721073281887057
moving,0.3,0.2,False,20,500,9030,0,0.0,158.0,200,0.0,158.0,0,0,nan,nan,nan,0,0,0,12,5.666666666666667,1.0,0.06379027664661407,-0.389513159293086,0.09227358436660762,0,nan,nan,0.9889668002724648,0.9889812301844358,12,0.8071424471212921
moving,0.5,0.2,True,20,500,50,0,0.0,100.0,100,0.0,100.0,0,0,nan,nan,nan,0,0,0,20,2.5,0.9771342277526855,3.1233532428741455,1.5330643938595059,0.1764705882352941,0,nan,nan,0.988838279619813,0.988838279619813,0,nan
moving,0.5,0.2,True,20,500,1050,0,0.0,100.0,100,0.0,100.0,0,0,nan,nan,nan,0,0,0,20,2.5,0.9771603941917419,3.12557315826416,1.5330643938595059,0.1764705882352941,0,nan,nan,0.988838279619813,0.988838279619813,0,nan
moving,0.5,0.2,True,20,500,2050,20,1.0,500.0,500,320.0,500.0,20,0,nan,nan,nan,0,0,0,20,2.45,0.9268030524253845,12.261613845825195,-4.448082984725486,0.030927835051546393,0,nan,nan,0.9899171689525247,0.9903529891744256,20,0.6828633974898066
moving,0.5,0.2,True,20,500,3050,20,1.0,500.0,500,320.0,500.0,20,0,nan,nan,nan,0,0,0,20,2.45,0.926802396774292,12.261319160461426,-4.448082984725486,0.030927835051546393,0,nan,nan,0.9899171689525247,0.9903529891744256,20,0.6822504562424196
moving,0.5,0.2,True,20,500,4050,0,0.0,100.0,100,0.0,100.0,0,0,nan,nan,nan,0,0,0,20,2.45,0.9783753156661987,3.121401786804199,1.5453221633902228,0.1764705882352941,0,nan,nan,0.988838279619813,0.988838279619813,0,nan
moving,0.5,0.2,True,20,500,5050,20,1.0,500.0,500,320.0,500.0,20,0,nan,nan,nan,0,0,0,20,2.4,0.9268040657043457,12.26114273071289,-4.448082984725486,0.030927835051546393,0,nan,nan,0.9899171689525247,0.9903529891744256,20,0.681671868870192
moving,0.5,0.2,True,20,500,6050,17,0.85,440.0,500,272.0,440.0,17,0,nan,nan,nan,0,0,0,20,2.4,0.9204014539718628,13.124135971069336,-3.836554797920949,0.02616279069767442,0,nan,nan,0.9899100963026285,0.9903127076104283,17,0.6244120288676739
moving,0.5,0.2,True,20,500,7050,0,0.0,100.0,100,0.0,100.0,0,0,nan,nan,nan,0,0,0,20,2.45,0.9775943160057068,3.119988203048706,1.5433717421094582,0.1764705882352941,0,nan,nan,0.988838279619813,0.988838279619813,0,nan
moving,0.5,0.2,True,20,500,8050,0,0.0,100.0,100,0.0,100.0,0,0,nan,nan,nan,0,0,0,20,2.5,0.9783741235733032,3.1214022636413574,1.5453221633902228,0.1764705882352941,0,nan,nan,0.988838279619813,0.988838279619813,0,nan
moving,0.5,0.2,True,20,500,9050,0,0.0,100.0,100,0.0,100.0,0,0,nan,nan,nan,0,0,0,20,2.5,0.9783741235733032,3.1214022636413574,1.5453221633902228,0.1764705882352941,0,nan,nan,0.988838279619813,0.988838279619813,0,nan
moving,0.5,0.2,False,20,500,50,0,0.0,149.5,200,0.0,149.5,0,0,nan,nan,nan,0,0,0,6,13.666666666666666,1.0,0.06379027664661407,-1.2189632034263007,0.05137952831266786,0,nan,nan,0.9888774463906884,0.9889166131615639,10,0.971839247086495
moving,0.5,0.2,False,20,500,1050,0,0.0,149.5,200,0.0,149.5,0,0,nan,nan,nan,0,0,0,3,11.333333333333334,1.0,0.06379027664661407,-1.9072393875633555,0.024149477172732987,0,nan,nan,0.9888774463906884,0.9889166131615639,10,0.9744150722047993
moving,0.5,0.2,False,20,500,2050,0,0.0,154.0,280,0.0,154.0,0,0,nan,nan,nan,0,0,0,6,11.333333333333334,1.0,0.06643505394458771,-1.3825858312404113,0.04310270963967407,0,nan,nan,0.9890147754922509,0.9892894336953759,10,0.9711067228924979
moving,0.5,0.2,False,20,500,3050,0,0.0,154.0,280,0.0,154.0,0,0,nan,nan,nan,0,0,0,8,20.0,1.0,0.06643505394458771,-0.9980828222004489,0.05657768215638816,0,nan,nan,0.9890147754922509,0.9892894336953759,10,0.9676723726891774
moving,0.5,0.2,False,20,500,4050,0,0.0,149.5,200,0.0,149.5,0,0,nan,nan,nan,0,0,0,7,17.142857142857142,1.0,0.06379027664661407,-1.2033470846813672,0.05058253814067768,0,nan,nan,0.9888774463906884,0.9889166131615639,10,0.9619655990923006
moving,0.5,0.2,False,20,500,5050,0,0.0,145.0,200,0.0,145.0,0,0,nan,nan,nan,0,0,0,6,13.0,1.0,0.06379027664661407,-1.2771384326874722,0.046888749214330616,0,nan,nan,0.9888774463906884,0.9889166131615639,9,1.024934354240013
moving,0.5,0.2,False,20,500,6050,0,0.0,149.5,200,0.0,149.5,0,0,nan,nan,nan,0,0,0,7,19.857142857142858,1.0,0.06379027664661407,-1.0616349053760843,0.05494961002228442,0,nan,nan,0.9888774463906884,0.9889166131615639,10,0.9667012364516074
moving,0.5,0.2,False,20,500,7050,0,0.0,149.5,200,0.0,149.5,0,0,nan,nan,nan,0,0,0,7,12.0,1.0,0.06379027664661407,-0.9846073124829726,0.05901937746414491,0,nan,nan,0.9888774463906884,0.9889166131615639,10,0.9751035903998704
moving,0.5,0.2,False,20,500,8050,0,0.0,145.0,200,0.0,145.0,0,0,nan,nan,nan,0,0,0,6,24.166666666666668,1.0,0.06379027664661407,-1.1612477628979936,0.05076995600251415,0,nan,nan,0.9888774463906884,0.9889166131615639,9,1.0118727063704025
moving,0.5,0.2,False,20,500,9050,0,0.0,149.5,200,0.0,149.5,0,0,nan,nan,nan,0,0,0,8,18.5,1.0,0.06379027664661407,-0.9459727673789444,0.058492657562425,0,nan,nan,0.9888774463906884,0.9889166131615639,10,0.9486762384000469
single_source,0.0,0.2,True,20,500,0,4,0.2,180.0,500,100.0,180.0,0,0,nan,nan,nan,0,0,0,0,nan,0.926082968711853,4.287527561187744,nan,nan,0,nan,nan,0.9926113053224981,0.9926113053224981,4,0.3174657584812525
single_source,0.0,0.2,True,20,500,1000,4,0.2,180.0,500,100.0,180.0,0,0,nan,nan,nan,0,0,0,0,nan,0.926082968711853,4.287527561187744,nan,nan,0,nan,nan,0.9926113053224981,0.9926113053224981,4,0.3174657584812525
single_source,0.0,0.2,True,20,500,2000,4,0.2,180.0,500,100.0,180.0,0,0,nan,nan,nan,0,0,0,0,nan,0.926082968711853,4.287527561187744,nan,nan,0,nan,nan,0.9926113053224981,0.9926113053224981,4,0.3174657584812525
single_source,0.0,0.2,True,20,500,3000,4,0.2,180.0,500,100.0,180.0,0,0,nan,nan,nan,0,0,0,0,nan,0.926082968711853,4.287527561187744,nan,nan,0,nan,nan,0.9926113053224981,0.9926113053224981,4,0.3174657584812525
single_source,0.0,0.2,True,20,500,4000,4,0.2,180.0,500,100.0,180.0,0,0,nan,nan,nan,0,0,0,0,nan,0.926082968711853,4.287527561187744,nan,nan,0,nan,nan,0.9926113053224981,0.9926113053224981,4,0.3174657584812525
single_source,0.0,0.2,True,20,500,5000,4,0.2,180.0,500,100.0,180.0,0,0,nan,nan,nan,0,0,0,0,nan,0.926082968711853,4.287527561187744,nan,nan,0,nan,nan,0.9926113053224981,0.9926113053224981,4,0.3174657584812525
single_source,0.0,0.2,True,20,500,6000,4,0.2,180.0,500,100.0,180.0,0,0,nan,nan,nan,0,0,0,0,nan,0.926082968711853,4.287527561187744,nan,nan,0,nan,nan,0.9926113053224981,0.9926113053224981,4,0.3174657584812525
single_source,0.0,0.2,True,20,500,7000,4,0.2,180.0,500,100.0,180.0,0,0,nan,nan,nan,0,0,0,0,nan,0.926082968711853,4.287527561187744,nan,nan,0,nan,nan,0.9926113053224981,0.9926113053224981,4,0.3174657584812525
single_source,0.0,0.2,True,20,500,8000,4,0.2,180.0,500,100.0,180.0,0,0,nan,nan,nan,0,0,0,0,nan,0.926082968711853,4.287527561187744,nan,nan,0,nan,nan,0.9926113053224981,0.9926113053224981,4,0.3174657584812525
single_source,0.0,0.2,True,20,500,9000,4,0.2,180.0,500,100.0,180.0,0,0,nan,nan,nan,0,0,0,0,nan,0.926082968711853,4.287527561187744,nan,nan,0,nan,nan,0.9926113053224981,0.9926113053224981,4,0.3174657584812525
single_source,0.0,0.2,False,20,500,0,4,0.2,180.0,500,100.0,180.0,0,0,nan,nan,nan,0,0,0,0,nan,1.0,0.026535509154200554,nan,nan,0,nan,nan,0.9926113053224981,0.9926113053224981,4,0.3174657584812525
single_source,0.0,0.2,False,20,500,1000,4,0.2,180.0,500,100.0,180.0,0,0,nan,nan,nan,0,0,0,0,nan,1.0,0.026535509154200554,nan,nan,0,nan,nan,0.9926113053224981,0.9926113053224981,4,0.3174657584812525
single_source,0.0,0.2,False,20,500,2000,4,0.2,180.0,500,100.0,180.0,0,0,nan,nan,nan,0,0,0,0,nan,1.0,0.026535509154200554,nan,nan,0,nan,nan,0.9926113053224981,0.9926113053224981,4,0.3174657584812525
single_source,0.0,0.2,False,20,500,3000,4,0.2,180.0,500,100.0,180.0,0,0,nan,nan,nan,0,0,0,0,nan,1.0,0.026535509154200554,nan,nan,0,nan,nan,0.9926113053224981,0.9926113053224981,4,0.3174657584812525
single_source,0.0,0.2,False,20,500,4000,4,0.2,180.0,500,100.0,180.0,0,0,nan,nan,nan,0,0,0,0,nan,1.0,0.026535509154200554,nan,nan,0,nan,nan,0.9926113053224981,0.9926113053224981,4,0.3174657584812525
single_source,0.0,0.2,False,20,500,5000,4,0.2,180.0,500,100.0,180.0,0,0,nan,nan,nan,0,0,0,0,nan,1.0,0.026535509154200554,nan,nan,0,nan,nan,0.9926113053224981,0.9926113053224981,4,0.3174657584812525
single_source,0.0,0.2,False,20,500,6000,4,0.2,180.0,500,100.0,180.0,0,0,nan,nan,nan,0,0,0,0,nan,1.0,0.026535509154200554,nan,nan,0,nan,nan,0.9926113053224981,0.9926113053224981,4,0.3174657584812525
single_source,0.0,0.2,False,20,500,7000,4,0.2,180.0,500,100.0,180.0,0,0,nan,nan,nan,0,0,0,0,nan,1.0,0.026535509154200554,nan,nan,0,nan,nan,0.9926113053224981,0.9926113053224981,4,0.3174657584812525
single_source,0.0,0.2,False,20,500,8000,4,0.2,180.0,500,100.0,180.0,0,0,nan,nan,nan,0,0,0,0,nan,1.0,0.026535509154200554,nan,nan,0,nan,nan,0.9926113053224981,0.9926113053224981,4,0.3174657584812525
single_source,0.0,0.2,False,20,500,9000,4,0.2,180.0,500,100.0,180.0,0,0,nan,nan,nan,0,0,0,0,nan,1.0,0.026535509154200554,nan,nan,0,nan,nan,0.9926113053224981,0.9926113053224981,4,0.3174657584812525
single_source,0.1,0.2,True,20,500,10,20,1.0,500.0,500,500.0,500.0,0,0,nan,nan,nan,0,0,0,20,1.1,0.9802027940750122,5.277350902557373,nan,nan,0,nan,nan,0.9926044158637524,0.9926062929444015,20,0.8584518391231535
single_source,0.1,0.2,True,20,500,1010,20,1.0,500.0,500,500.0,500.0,0,0,nan,nan,nan,0,0,0,20,1.05,0.9803251624107361,5.226411819458008,nan,nan,0,nan,nan,0.9926044030115009,0.9926062538288534,20,0.8633397543322727
single_source,0.1,0.2,True,20,500,2010,20,1.0,500.0,500,500.0,500.0,0,0,nan,nan,nan,0,0,0,20,1.05,0.9799196720123291,5.28224515914917,nan,nan,0,nan,nan,0.9926044266670943,0.9926063232123852,20,0.795025257515394
single_source,0.1,0.2,True,20,500,3010,20,1.0,500.0,500,500.0,500.0,0,0,nan,nan,nan,0,0,0,20,1.05,0.980150580406189,5.231149673461914,nan,nan,0,nan,nan,0.9926044060848653,0.9926062636077404,20,0.8644431520155118
single_source,0.1,0.2,True,20,500,4010,20,1.0,500.0,500,500.0,500.0,0,0,nan,nan,nan,0,0,0,20,1.2,0.9802082777023315,5.22799825668335,nan,nan,0,nan,nan,0.9926044060848653,0.9926062636077404,20,0.856649338135383
single_source,0.1,0.2,True,20,500,5010,20,1.0,500.0,500,500.0,500.0,0,0,nan,nan,nan,0,0,0,20,1.1,0.9801948666572571,5.226564884185791,nan,nan,0,nan,nan,0.9926044060848653,0.9926062636077404,20,0.8581758718308616
single_source,0.1,0.2,True,20,500,6010,20,1.0,500.0,500,500.0,500.0,0,0,nan,nan,nan,0,0,0,20,1.05,0.9801291823387146,5.2371439933776855,nan,nan,0,nan,nan,0.9926044126041234,0.9926062817685306,20,0.8468822782860892
single_source,0.1,0.2,True,20,500,7010,20,1.0,500.0,500,500.0,500.0,0,0,nan,nan,nan,0,0,0,20,1.15,0.9803003072738647,5.231593132019043,nan,nan,0,nan,nan,0.9926044060848653,0.9926062636077404,20,0.8559298492800214
single_source,0.1,0.2,True,20,500,8010,20,1.0,500.0,500,500.0,500.0,0,0,nan,nan,nan,0,0,0,20,1.1,0.9801675081253052,5.239932060241699,nan,nan,0,nan,nan,0.9926044158637524,0.9926062929444015,20,0.8557245353875528
single_source,0.1,0.2,True,20,500,9010,20,1.0,500.0,500,500.0,500.0,0,0,nan,nan,nan,0,0,0,20,1.1,0.9803251624107361,5.229308128356934,nan,nan,0,nan,nan,0.9926044060848653,0.9926062636077404,20,0.8596560730126164
single_source,0.1,0.2,False,20,500,10,20,1.0,500.0,500,600.0,500.0,0,0,nan,nan,nan,0,0,0,20,2.4,1.0,0.026535509154200554,nan,nan,0,nan,nan,0.9925817120820284,0.9925794135779142,20,0.889469354691732
single_source,0.1,0.2,False,20,500,1010,20,1.0,500.0,500,600.0,500.0,0,0,nan,nan,nan,0,0,0,20,1.6,1.0,0.026535509154200554,nan,nan,0,nan,nan,0.9925817120820284,0.9925794135779142,20,0.9072681632913134
single_source,0.1,0.2,False,20,500,2010,20,1.0,500.0,500,600.0,500.0,0,0,nan,nan,nan,0,0,0,20,1.75,1.0,0.026535509154200554,nan,nan,0,nan,nan,0.9925817120820284,0.9925794135779142,20,0.847983549463542
single_source,0.1,0.2,False,20,500,3010,20,1.0,500.0,500,595.0,500.0,0,0,nan,nan,nan,0,0,0,20,1.95,1.0,0.026535509154200554,nan,nan,0,nan,nan,0.9925817120820284,0.9925794135779142,20,0.8680587054137574
single_source,0.1,0.2,False,20,500,4010,20,1.0,500.0,500,600.0,500.0,0,0,nan,nan,nan,0,0,0,20,2.3,1.0,0.026535509154200554,nan,nan,0,nan,nan,0.9925817120820284,0.9925794135779142,20,0.8847670542401479
single_source,0.1,0.2,False,20,500,5010,20,1.0,500.0,500,600.0,500.0,0,0,nan,nan,nan,0,0,0,20,1.8,1.0,0.026535509154200554,nan,nan,0,nan,nan,0.9925817120820284,0.9925794135779142,20,0.8503737426589579
single_source,0.1,0.2,False,20,500,6010,20,1.0,500.0,500,595.0,500.0,0,0,nan,nan,nan,0,0,0,20,2.2,1.0,0.026535509154200554,nan,nan,0,nan,nan,0.9925817120820284,0.9925794135779142,20,0.8250271230235479
single_source,0.1,0.2,False,20,500,7010,20,1.0,500.0,500,600.0,500.0,0,0,nan,nan,nan,0,0,0,20,1.7,1.0,0.026535509154200554,nan,nan,0,nan,nan,0.9925817120820284,0.9925794135779142,20,0.8542262161279183
single_source,0.1,0.2,False,20,500,8010,20,1.0,500.0,500,600.0,500.0,0,0,nan,nan,nan,0,0,0,20,2.2,1.0,0.026535509154200554,nan,nan,0,nan,nan,0.9925817120820284,0.9925794135779142,20,0.8633564966640019
single_source,0.1,0.2,False,20,500,9010,20,1.0,500.0,500,595.0,500.0,0,0,nan,nan,nan,0,0,0,20,1.8,1.0,0.026535509154200554,nan,nan,0,nan,nan,0.9925817120820284,0.9925794135779142,20,0.8321474525490947
single_source,0.3,0.2,True,20,500,30,20,1.0,500.0,500,500.0,500.0,0,0,nan,nan,nan,0,0,0,20,1.1,0.9802963733673096,5.227303504943848,nan,nan,0,nan,nan,0.9925905991345644,0.9925961503759027,20,0.8624775489622349
single_source,0.3,0.2,True,20,500,1030,20,1.0,500.0,500,500.0,500.0,0,0,nan,nan,nan,0,0,0,20,1.05,0.9802029728889465,5.236363410949707,nan,nan,0,nan,nan,0.9925906277261675,0.9925962341949344,20,0.8346581308305046
single_source,0.3,0.2,True,20,500,2030,20,1.0,500.0,500,505.0,500.0,0,0,nan,nan,nan,0,0,0,20,1.15,0.9797080755233765,5.261153221130371,nan,nan,0,nan,nan,0.9925906546413898,0.9925963161513209,20,0.8299309280971132
single_source,0.3,0.2,True,20,500,3030,20,1.0,500.0,500,500.0,500.0,0,0,nan,nan,nan,0,0,0,20,1.15,0.9799782037734985,5.281681060791016,nan,nan,0,nan,nan,0.99259066991508,0.9925963603891432,20,0.818241656901918
single_source,0.3,0.2,True,20,500,4030,20,1.0,500.0,500,500.0,500.0,0,0,nan,nan,nan,0,0,0,20,1.1,0.9802045226097107,5.226639747619629,nan,nan,0,nan,nan,0.9925905989482999,0.9925961494445801,20,0.8409008468502458
single_source,0.3,0.2,True,20,500,5030,20,1.0,500.0,500,500.0,500.0,0,0,nan,nan,nan,0,0,0,20,1.05,0.9802472591400146,5.229936599731445,nan,nan,0,nan,nan,0.9925906084477901,0.9925961806438863,20,0.8553493447780859
single_source,0.3,0.2,True,20,500,6030,20,1.0,500.0,500,500.0,500.0,0,0,nan,nan,nan,0,0,0,20,1.1,0.9802811741828918,5.229531288146973,nan,nan,0,nan,nan,0.9925906084477901,0.9925961806438863,20,0.8560414125061774
single_source,0.3,0.2,True,20,500,7030,20,1.0,500.0,500,500.0,500.0,0,0,nan,nan,nan,0,0,0,20,1.05,0.9803041219711304,5.225808143615723,nan,nan,0,nan,nan,0.9925905991345644,0.9925961503759027,20,0.853982471937176
single_source,0.3,0.2,True,20,500,8030,20,1.0,500.0,500,500.0,500.0,0,0,nan,nan,nan,0,0,0,20,1.05,0.9802494049072266,5.225528717041016,nan,nan,0,nan,nan,0.9925905989482999,0.9925961494445801,20,0.8504796591884546
single_source,0.3,0.2,True,20,500,9030,20,1.0,500.0,500,500.0,500.0,0,0,nan,nan,nan,0,0,0,20,1.05,0.9803212881088257,5.226404666900635,nan,nan,0,nan,nan,0.9925905991345644,0.9925961503759027,20,0.8566767137335305
single_source,0.3,0.2,False,20,500,30,20,1.0,500.0,500,600.0,500.0,0,0,nan,nan,nan,0,0,0,20,1.25,1.0,0.026535509154200554,nan,nan,0,nan,nan,0.9925225124694407,0.9925156272947788,20,0.9914872754379944
single_source,0.3,0.2,False,20,500,1030,20,1.0,500.0,500,600.0,500.0,0,0,nan,nan,nan,0,0,0,20,1.25,1.0,0.026535509154200554,nan,nan,0,nan,nan,0.9925225124694407,0.9925156272947788,20,0.990131508427905
single_source,0.3,0.2,False,20,500,2030,20,1.0,500.0,500,600.0,500.0,0,0,nan,nan,nan,0,0,0,20,1.2,1.0,0.026535509154200554,nan,nan,0,nan,nan,0.9925225124694407,0.9925156272947788,20,0.9911516070456828
single_source,0.3,0.2,False,20,500,3030,20,1.0,500.0,500,600.0,500.0,0,0,nan,nan,nan,0,0,0,20,1.15,1.0,0.026535509154200554,nan,nan,0,nan,nan,0.9925225124694407,0.9925156272947788,20,0.9881805416047816
single_source,0.3,0.2,False,20,500,4030,20,1.0,500.0,500,600.0,500.0,0,0,nan,nan,nan,0,0,0,20,1.3,1.0,0.026535509154200554,nan,nan,0,nan,nan,0.9925225124694407,0.9925156272947788,20,0.9952554740174945
single_source,0.3,0.2,False,20,500,5030,20,1.0,500.0,500,600.0,500.0,0,0,nan,nan,nan,0,0,0,20,1.45,1.0,0.026535509154200554,nan,nan,0,nan,nan,0.9925225124694407,0.9925156272947788,20,1.0008479716636614
single_source,0.3,0.2,False,20,500,6030,20,1.0,500.0,500,600.0,500.0,0,0,nan,nan,nan,0,0,0,20,1.4,1.0,0.026535509154200554,nan,nan,0,nan,nan,0.9925225124694407,0.9925156272947788,20,0.9892357421052738
single_source,0.3,0.2,False,20,500,7030,20,1.0,500.0,500,600.0,500.0,0,0,nan,nan,nan,0,0,0,20,1.3,1.0,0.026535509154200554,nan,nan,0,nan,nan,0.9925225124694407,0.9925156272947788,20,0.9886568118929666
single_source,0.3,0.2,False,20,500,8030,20,1.0,500.0,500,600.0,500.0,0,0,nan,nan,nan,0,0,0,20,1.5,1.0,0.026535509154200554,nan,nan,0,nan,nan,0.9925225124694407,0.9925156272947788,20,0.9774768430449114
single_source,0.3,0.2,False,20,500,9030,20,1.0,500.0,500,600.0,500.0,0,0,nan,nan,nan,0,0,0,20,1.1,1.0,0.026535509154200554,nan,nan,0,nan,nan,0.9925225124694407,0.9925156272947788,20,0.9953665675167371
single_source,0.5,0.2,True,20,500,50,20,1.0,500.0,500,500.0,500.0,0,0,nan,nan,nan,0,0,0,20,1.0,0.98028564453125,5.229405403137207,nan,nan,0,nan,nan,0.9925767849199474,0.9925860944204032,20,0.854237571927783
single_source,0.5,0.2,True,20,500,1050,20,1.0,500.0,500,500.0,500.0,0,0,nan,nan,nan,0,0,0,20,1.0,0.9802000522613525,5.226864337921143,nan,nan,0,nan,nan,0.9925767696462572,0.9925860445946455,20,0.8408708010890514
single_source,0.5,0.2,True,20,500,2050,20,1.0,500.0,500,500.0,500.0,0,0,nan,nan,nan,0,0,0,20,1.0,0.9803193807601929,5.231933116912842,nan,nan,0,nan,nan,0.9925767849199474,0.9925860944204032,20,0.8614850283503793
single_source,0.5,0.2,True,20,500,3050,20,1.0,500.0,500,500.0,500.0,0,0,nan,nan,nan,0,0,0,20,1.05,0.980266809463501,5.248739719390869,nan,nan,0,nan,nan,0.9925768344663084,0.9925862387754023,20,0.8569259250661367
single_source,0.5,0.2,True,20,500,4050,20,1.0,500.0,500,500.0,500.0,0,0,nan,nan,nan,0,0,0,20,1.0,0.9802014827728271,5.226736545562744,nan,nan,0,nan,nan,0.9925767696462572,0.9925860445946455,20,0.8415960305593361
single_source,0.5,0.2,True,20,500,5050,20,1.0,500.0,500,500.0,500.0,0,0,nan,nan,nan,0,0,0,20,1.0,0.9802639484405518,5.2488112449646,nan,nan,0,nan,nan,0.9925768344663084,0.9925862387754023,20,0.8569259250661367
single_source,0.5,0.2,True,20,500,6050,20,1.0,500.0,500,505.0,500.0,0,0,nan,nan,nan,0,0,0,20,1.05,0.9799275398254395,5.2365403175354,nan,nan,0,nan,nan,0.9925768133252859,0.9925861791707575,20,0.8515373715583829
single_source,0.5,0.2,True,20,500,7050,20,1.0,500.0,500,500.0,500.0,0,0,nan,nan,nan,0,0,0,20,1.0,0.9803557395935059,5.226840019226074,nan,nan,0,nan,nan,0.9925767698325216,0.9925860455259681,20,0.8605226300543286
single_source,0.5,0.2,True,20,500,8050,20,1.0,500.0,500,500.0,500.0,0,0,nan,nan,nan,0,0,0,20,1.05,0.9803317785263062,5.225997447967529,nan,nan,0,nan,nan,0.9925767698325216,0.9925860455259681,20,0.8551153598735676
single_source,0.5,0.2,True,20,500,9050,20,1.0,500.0,500,500.0,500.0,0,0,nan,nan,nan,0,0,0,20,1.05,0.9801847338676453,5.226830959320068,nan,nan,0,nan,nan,0.9925767696462572,0.9925860445946455,20,0.8416324181467582
single_source,0.5,0.2,False,20,500,50,20,1.0,500.0,500,600.0,500.0,0,0,nan,nan,nan,0,0,0,20,1.15,1.0,0.026535509154200554,nan,nan,0,nan,nan,0.9924632417969406,0.9924516044557095,20,1.0143063924759894
single_source,0.5,0.2,False,20,500,1050,20,1.0,500.0,500,600.0,500.0,0,0,nan,nan,nan,0,0,0,20,1.15,1.0,0.026535509154200554,nan,nan,0,nan,nan,0.9924632417969406,0.9924516044557095,20,1.0077064176740584
single_source,0.5,0.2,False,20,500,2050,20,1.0,500.0,500,600.0,500.0,0,0,nan,nan,nan,0,0,0,20,1.2,1.0,0.026535509154200554,nan,nan,0,nan,nan,0.9924632417969406,0.9924516044557095,20,1.0093093554646961
single_source,0.5,0.2,False,20,500,3050,20,1.0,500.0,500,600.0,500.0,0,0,nan,nan,nan,0,0,0,20,1.15,1.0,0.026535509154200554,nan,nan,0,nan,nan,0.9924632417969406,0.9924516044557095,20,1.0127484674388134
single_source,0.5,0.2,False,20,500,4050,20,1.0,500.0,500,600.0,500.0,0,0,nan,nan,nan,0,0,0,20,1.3,1.0,0.026535509154200554,nan,nan,0,nan,nan,0.9924632417969406,0.9924516044557095,20,1.0119019024618514
single_source,0.5,0.2,False,20,500,5050,20,1.0,500.0,500,600.0,500.0,0,0,nan,nan,nan,0,0,0,20,1.1,1.0,0.026535509154200554,nan,nan,0,nan,nan,0.9924632417969406,0.9924516044557095,20,1.013056779350385
single_source,0.5,0.2,False,20,500,6050,20,1.0,500.0,500,600.0,500.0,0,0,nan,nan,nan,0,0,0,20,1.25,1.0,0.026535509154200554,nan,nan,0,nan,nan,0.9924632417969406,0.9924516044557095,20,1.0010098804354515
single_source,0.5,0.2,False,20,500,7050,20,1.0,500.0,500,600.0,500.0,0,0,nan,nan,nan,0,0,0,20,1.1,1.0,0.026535509154200554,nan,nan,0,nan,nan,0.9924632417969406,0.9924516044557095,20,1.007404782589698
single_source,0.5,0.2,False,20,500,8050,20,1.0,500.0,500,600.0,500.0,0,0,nan,nan,nan,0,0,0,20,1.2,1.0,0.026535509154200554,nan,nan,0,nan,nan,0.9924632417969406,0.9924516044557095,20,1.006869856233221
single_source,0.5,0.2,False,20,500,9050,20,1.0,500.0,500,600.0,500.0,0,0,nan,nan,nan,0,0,0,20,1.15,1.0,0.026535509154200554,nan,nan,0,nan,nan,0.9924632417969406,0.9924516044557095,20,1.0044131561474408
tunnel,0.0,0.2,True,20,500,0,0,0.0,100.0,100,0.0,100.0,0,0,nan,nan,nan,0,0,0,0,nan,0.9371022582054138,0.6782592535018921,nan,nan,0,nan,nan,0.7573520690202713,0.7573520690202713,0,nan
tunnel,0.0,0.2,True,20,500,1000,0,0.0,100.0,100,0.0,100.0,0,0,nan,nan,nan,0,0,0,0,nan,0.9371022582054138,0.6782592535018921,nan,nan,0,nan,nan,0.7573520690202713,0.7573520690202713,0,nan
tunnel,0.0,0.2,True,20,500,2000,0,0.0,100.0,100,0.0,100.0,0,0,nan,nan,nan,0,0,0,0,nan,0.9371022582054138,0.6782592535018921,nan,nan,0,nan,nan,0.7573520690202713,0.7573520690202713,0,nan
tunnel,0.0,0.2,True,20,500,3000,0,0.0,100.0,100,0.0,100.0,0,0,nan,nan,nan,0,0,0,0,nan,0.9371022582054138,0.6782592535018921,nan,nan,0,nan,nan,0.7573520690202713,0.7573520690202713,0,nan
tunnel,0.0,0.2,True,20,500,4000,0,0.0,100.0,100,0.0,100.0,0,0,nan,nan,nan,0,0,0,0,nan,0.9371022582054138,0.6782592535018921,nan,nan,0,nan,nan,0.7573520690202713,0.7573520690202713,0,nan
tunnel,0.0,0.2,True,20,500,5000,0,0.0,100.0,100,0.0,100.0,0,0,nan,nan,nan,0,0,0,0,nan,0.9371022582054138,0.6782592535018921,nan,nan,0,nan,nan,0.7573520690202713,0.7573520690202713,0,nan
tunnel,0.0,0.2,True,20,500,6000,0,0.0,100.0,100,0.0,100.0,0,0,nan,nan,nan,0,0,0,0,nan,0.9371022582054138,0.6782592535018921,nan,nan,0,nan,nan,0.7573520690202713,0.7573520690202713,0,nan
tunnel,0.0,0.2,True,20,500,7000,0,0.0,100.0,100,0.0,100.0,0,0,nan,nan,nan,0,0,0,0,nan,0.9371022582054138,0.6782592535018921,nan,nan,0,nan,nan,0.7573520690202713,0.7573520690202713,0,nan
tunnel,0.0,0.2,True,20,500,8000,0,0.0,100.0,100,0.0,100.0,0,0,nan,nan,nan,0,0,0,0,nan,0.9371022582054138,0.6782592535018921,nan,nan,0,nan,nan,0.7573520690202713,0.7573520690202713,0,nan
tunnel,0.0,0.2,True,20,500,9000,0,0.0,100.0,100,0.0,100.0,0,0,nan,nan,nan,0,0,0,0,nan,0.9371022582054138,0.6782592535018921,nan,nan,0,nan,nan,0.7573520690202713,0.7573520690202713,0,nan
tunnel,0.0,0.2,False,20,500,0,0,0.0,100.0,100,0.0,100.0,0,0,nan,nan,nan,0,0,0,0,nan,1.0,0.022636640816926956,nan,nan,0,nan,nan,0.7573520690202713,0.7573520690202713,0,nan
tunnel,0.0,0.2,False,20,500,1000,0,0.0,100.0,100,0.0,100.0,0,0,nan,nan,nan,0,0,0,0,nan,1.0,0.022636640816926956,nan,nan,0,nan,nan,0.7573520690202713,0.7573520690202713,0,nan
tunnel,0.0,0.2,False,20,500,2000,0,0.0,100.0,100,0.0,100.0,0,0,nan,nan,nan,0,0,0,0,nan,1.0,0.022636640816926956,nan,nan,0,nan,nan,0.7573520690202713,0.7573520690202713,0,nan
tunnel,0.0,0.2,False,20,500,3000,0,0.0,100.0,100,0.0,100.0,0,0,nan,nan,nan,0,0,0,0,nan,1.0,0.022636640816926956,nan,nan,0,nan,nan,0.7573520690202713,0.7573520690202713,0,nan
tunnel,0.0,0.2,False,20,500,4000,0,0.0,100.0,100,0.0,100.0,0,0,nan,nan,nan,0,0,0,0,nan,1.0,0.022636640816926956,nan,nan,0,nan,nan,0.7573520690202713,0.7573520690202713,0,nan
tunnel,0.0,0.2,False,20,500,5000,0,0.0,100.0,100,0.0,100.0,0,0,nan,nan,nan,0,0,0,0,nan,1.0,0.022636640816926956,nan,nan,0,nan,nan,0.7573520690202713,0.7573520690202713,0,nan
tunnel,0.0,0.2,False,20,500,6000,0,0.0,100.0,100,0.0,100.0,0,0,nan,nan,nan,0,0,0,0,nan,1.0,0.022636640816926956,nan,nan,0,nan,nan,0.7573520690202713,0.7573520690202713,0,nan
tunnel,0.0,0.2,False,20,500,7000,0,0.0,100.0,100,0.0,100.0,0,0,nan,nan,nan,0,0,0,0,nan,1.0,0.022636640816926956,nan,nan,0,nan,nan,0.7573520690202713,0.7573520690202713,0,nan
tunnel,0.0,0.2,False,20,500,8000,0,0.0,100.0,100,0.0,100.0,0,0,nan,nan,nan,0,0,0,0,nan,1.0,0.022636640816926956,nan,nan,0,nan,nan,0.7573520690202713,0.7573520690202713,0,nan
tunnel,0.0,0.2,False,20,500,9000,0,0.0,100.0,100,0.0,100.0,0,0,nan,nan,nan,0,0,0,0,nan,1.0,0.022636640816926956,nan,nan,0,nan,nan,0.7573520690202713,0.7573520690202713,0,nan
tunnel,0.1,0.2,True,20,500,10,0,0.0,100.0,100,0.0,100.0,0,19,3.0526315789473686,2.0,1.0,0,0,19,20,1.0,0.9923595190048218,1.8812689781188965,nan,nan,0,nan,nan,0.757352203130722,0.757352203130722,0,nan
tunnel,0.1,0.2,True,20,500,1010,20,1.0,500.0,500,500.0,500.0,0,20,2.1,2.0,1.0,0,0,20,20,1.15,0.9778308868408203,5.503833770751953,nan,nan,0,nan,nan,0.7573521316051484,0.7573521286249161,20,0.8563567619052952
tunnel,0.1,0.2,True,20,500,2010,20,1.0,500.0,500,500.0,500.0,0,20,2.9,2.0,1.0,0,0,20,20,1.2,0.9773900508880615,5.589400291442871,nan,nan,0,nan,nan,0.7573521316051484,0.7573521286249161,20,0.8027404194252579
tunnel,0.1,0.2,True,20,500,3010,20,1.0,500.0,500,500.0,500.0,0,20,2.4,2.0,1.0,0,0,20,20,1.15,0.9777398109436035,5.5029168128967285,nan,nan,0,nan,nan,0.7573521316051484,0.7573521286249161,20,0.8493836345208059
tunnel,0.1,0.2,True,20,500,4010,20,1.0,500.0,500,500.0,500.0,0,20,2.05,2.0,1.0,0,0,20,20,1.15,0.9778963923454285,5.5042805671691895,nan,nan,0,nan,nan,0.7573521316051484,0.7573521286249161,20,0.8554905084241907
tunnel,0.1,0.2,True,20,500,5010,20,1.0,500.0,500,500.0,500.0,0,20,1.6,2.0,1.0,0,0,20,20,1.1,0.9777323603630066,5.496082305908203,nan,nan,0,nan,nan,0.7573521316051484,0.7573521286249161,20,0.846882605838012
tunnel,0.1,0.2,True,20,500,6010,20,1.0,500.0,500,500.0,500.0,0,20,2.0,2.0,1.0,0,0,20,20,1.05,0.9777457118034363,5.502066135406494,nan,nan,0,nan,nan,0.7573521316051484,0.7573521286249161,20,0.8532943764800383
tunnel,0.1,0.2,True,20,500,7010,20,1.0,500.0,500,500.0,500.0,0,20,2.55,2.0,1.0,0,0,20,20,1.2,0.9775865077972412,5.511028289794922,nan,nan,0,nan,nan,0.7573521316051484,0.7573521286249161,20,0.816992525199509
tunnel,0.1,0.2,True,20,500,8010,20,1.0,500.0,500,500.0,500.0,0,20,3.0,2.0,1.0,0,0,20,20,1.1,0.977800190448761,5.569395542144775,nan,nan,0,nan,nan,0.7573521316051484,0.7573521286249161,20,0.8558826082885427
tunnel,0.1,0.2,True,20,500,9010,20,1.0,500.0,500,500.0,500.0,0,20,2.15,2.0,1.0,0,0,20,20,1.15,0.9779855608940125,5.506021499633789,nan,nan,0,nan,nan,0.7573521316051484,0.7573521286249161,20,0.8551647435316205
tunnel,0.1,0.2,False,20,500,10,20,1.0,500.0,500,590.0,500.0,0,20,1.5,1.0,1.0,0,0,20,20,1.4,1.0,0.026535507291555405,nan,nan,0,nan,nan,0.7573522001504898,0.7573521584272385,20,0.8061066354813914
tunnel,0.1,0.2,False,20,500,1010,20,1.0,500.0,500,585.0,500.0,0,20,2.2,1.0,1.0,0,0,20,20,1.55,1.0,0.026535507291555405,nan,nan,0,nan,nan,0.7573522001504898,0.7573521584272385,20,0.8034977384857674
tunnel,0.1,0.2,False,20,500,2010,20,1.0,500.0,500,580.0,500.0,0,20,2.05,1.0,1.0,0,0,20,20,2.75,1.0,0.026535507291555405,nan,nan,0,nan,nan,0.7573522001504898,0.7573521584272385,20,0.7447000677618838
tunnel,0.1,0.2,False,20,500,3010,20,1.0,500.0,500,585.0,500.0,0,20,1.5,1.0,1.0,0,0,20,20,2.4,1.0,0.026535507291555405,nan,nan,0,nan,nan,0.7573522001504898,0.7573521584272385,20,0.7684910073345413
tunnel,0.1,0.2,False,20,500,4010,20,1.0,500.0,500,590.0,500.0,0,20,1.75,1.5,1.0,0,0,20,20,1.95,1.0,0.026535507291555405,nan,nan,0,nan,nan,0.7573522001504898,0.7573521584272385,20,0.782874555068695
tunnel,0.1,0.2,False,20,500,5010,19,0.95,480.0,500,565.0,480.0,0,19,2.1052631578947367,1.0,1.0,0,0,19,20,5.65,1.0,0.026535507291555405,nan,nan,0,nan,nan,0.7573522001504898,0.7573521584272385,19,0.8118838144070845
tunnel,0.1,0.2,False,20,500,6010,20,1.0,500.0,500,580.0,500.0,0,20,2.25,2.0,1.0,0,0,20,20,2.1,1.0,0.026535507291555405,nan,nan,0,nan,nan,0.7573522001504898,0.7573521584272385,20,0.7542640797978374
tunnel,0.1,0.2,False,20,500,7010,20,1.0,500.0,500,590.0,500.0,0,20,1.75,1.5,1.0,0,0,20,20,1.25,1.0,0.026535507291555405,nan,nan,0,nan,nan,0.7573522001504898,0.7573521584272385,20,0.7796907804411972
tunnel,0.1,0.2,False,20,500,8010,19,0.95,480.0,500,555.0,480.0,0,20,1.7,1.0,1.0,0,0,20,20,3.1,1.0,0.026535507291555405,nan,nan,0,nan,nan,0.7573522001504898,0.7573521584272385,19,0.786990249776348
tunnel,0.1,0.2,False,20,500,9010,20,1.0,500.0,500,585.0,500.0,0,20,1.95,1.5,1.0,0,0,20,20,1.95,1.0,0.026535507291555405,nan,nan,0,nan,nan,0.7573522001504898,0.7573521584272385,20,0.7836399246550175
tunnel,0.3,0.2,True,20,500,30,20,1.0,500.0,500,500.0,500.0,0,20,1.9,2.0,1.0,0,0,20,20,1.05,0.9779413938522339,5.504817962646484,nan,nan,0,nan,nan,0.7573522299528122,0.7573522627353668,20,0.8524966914063382
tunnel,0.3,0.2,True,20,500,1030,20,1.0,500.0,500,500.0,500.0,0,20,2.0,2.0,1.0,0,0,20,20,1.15,0.9780018329620361,5.503195762634277,nan,nan,0,nan,nan,0.7573522299528122,0.7573522627353668,20,0.8502465498677306
tunnel,0.3,0.2,True,20,500,2030,20,1.0,500.0,500,500.0,500.0,0,20,2.95,2.0,1.0,0,0,20,20,1.1,0.9775193929672241,5.6154680252075195,nan,nan,0,nan,nan,0.7573522388935089,0.757352277636528,20,0.8244740070477394
tunnel,0.3,0.2,True,20,500,3030,20,1.0,500.0,500,500.0,500.0,0,20,2.9,2.0,1.0,0,0,20,20,1.15,0.9777209758758545,5.562604904174805,nan,nan,0,nan,nan,0.7573522388935089,0.757352277636528,20,0.8225899002056825
tunnel,0.3,0.2,True,20,500,4030,20,1.0,500.0,500,500.0,500.0,0,20,2.1,2.0,1.0,0,0,20,20,1.0,0.9779403805732727,5.507073879241943,nan,nan,0,nan,nan,0.7573522299528122,0.7573522627353668,20,0.8554230639938372
tunnel,0.3,0.2,True,20,500,5030,20,1.0,500.0,500,500.0,500.0,0,20,2.15,2.0,1.0,0,0,20,20,1.05,0.9780124425888062,5.508086204528809,nan,nan,0,nan,nan,0.7573522299528122,0.7573522627353668,20,0.8588470529712715
tunnel,0.3,0.2,True,20,500,6030,20,1.0,500.0,500,500.0,500.0,0,20,2.15,2.0,1.0,0,0,20,20,1.05,0.9780332446098328,5.505338191986084,nan,nan,0,nan,nan,0.7573522299528122,0.7573522627353668,20,0.8524536383493813
tunnel,0.3,0.2,True,20,500,7030,20,1.0,500.0,500,500.0,500.0,0,20,2.0,2.0,1.0,0,0,20,20,1.1,0.9779486060142517,5.505401134490967,nan,nan,0,nan,nan,0.7573522299528122,0.7573522627353668,20,0.8523641895789782
tunnel,0.3,0.2,True,20,500,8030,20,1.0,500.0,500,500.0,500.0,0,20,2.1,2.0,1.0,0,0,20,20,1.1,0.9780331254005432,5.507483005523682,nan,nan,0,nan,nan,0.7573522299528122,0.7573522627353668,20,0.8574881825350633
tunnel,0.3,0.2,True,20,500,9030,20,1.0,500.0,500,500.0,500.0,0,20,2.35,2.0,1.0,0,0,20,20,1.0,0.977861762046814,5.513638496398926,nan,nan,0,nan,nan,0.7573522418737412,0.7573522925376892,20,0.8238714979510077
tunnel,0.3,0.2,False,20,500,30,20,1.0,500.0,500,600.0,500.0,0,20,1.2,1.0,1.0,0,0,20,20,1.85,1.0,0.026535507291555405,nan,nan,0,nan,nan,0.7573525577783584,0.7573525458574295,20,0.9664281503972575
tunnel,0.3,0.2,False,20,500,1030,20,1.0,500.0,500,600.0,500.0,0,20,1.25,1.0,1.0,0,0,20,20,1.5,1.0,0.026535507291555405,nan,nan,0,nan,nan,0.7573525577783584,0.7573525458574295,20,0.9678043335136903
tunnel,0.3,0.2,False,20,500,2030,20,1.0,500.0,500,600.0,500.0,0,20,1.5,1.0,1.0,0,0,20,20,1.75,1.0,0.026535507291555405,nan,nan,0,nan,nan,0.7573525577783584,0.7573525458574295,20,0.9419876204583234
tunnel,0.3,0.2,False,20,500,3030,20,1.0,500.0,500,600.0,500.0,0,20,1.1,1.0,1.0,0,0,20,20,1.75,1.0,0.026535507291555405,nan,nan,0,nan,nan,0.7573525577783584,0.7573525458574295,20,0.9500502299522815
tunnel,0.3,0.2,False,20,500,4030,20,1.0,500.0,500,600.0,500.0,0,20,1.3,1.0,1.0,0,0,20,20,1.5,1.0,0.026535507291555405,nan,nan,0,nan,nan,0.7573525577783584,0.7573525458574295,20,0.9500494610152395
tunnel,0.3,0.2,False,20,500,5030,20,1.0,500.0,500,600.0,500.0,0,20,1.35,1.0,1.0,0,0,20,20,1.6,1.0,0.026535507291555405,nan,nan,0,nan,nan,0.7573525577783584,0.7573525458574295,20,0.9811363012723321
tunnel,0.3,0.2,False,20,500,6030,20,1.0,500.0,500,600.0,500.0,0,20,1.25,1.0,1.0,0,0,20,20,1.35,1.0,0.026535507291555405,nan,nan,0,nan,nan,0.7573525577783584,0.7573525458574295,20,0.9657314104842067
tunnel,0.3,0.2,False,20,500,7030,20,1.0,500.0,500,600.0,500.0,0,20,1.15,1.0,1.0,0,0,20,20,1.8,1.0,0.026535507291555405,nan,nan,0,nan,nan,0.7573525577783584,0.7573525458574295,20,0.9595204842107881
tunnel,0.3,0.2,False,20,500,8030,20,1.0,500.0,500,600.0,500.0,0,20,1.45,1.0,1.0,0,0,20,20,1.7,1.0,0.026535507291555405,nan,nan,0,nan,nan,0.7573525577783584,0.7573525458574295,20,0.9340880396123644
tunnel,0.3,0.2,False,20,500,9030,20,1.0,500.0,500,600.0,500.0,0,20,1.2,1.0,1.0,0,0,20,20,1.5,1.0,0.026535507291555405,nan,nan,0,nan,nan,0.7573525577783584,0.7573525458574295,20,0.975937684855193
tunnel,0.5,0.2,True,20,500,50,20,1.0,500.0,500,500.0,500.0,0,20,1.9,2.0,1.0,0,0,20,20,1.05,0.9780082702636719,5.507205486297607,nan,nan,0,nan,nan,0.7573523461818695,0.7573523372411728,20,0.8584620825905324
tunnel,0.5,0.2,True,20,500,1050,20,1.0,500.0,500,500.0,500.0,0,20,1.85,2.0,1.0,0,0,20,20,1.0,0.9779449701309204,5.5006937980651855,nan,nan,0,nan,nan,0.7573523432016372,0.7573523372411728,20,0.8471587269893147
tunnel,0.5,0.2,True,20,500,2050,20,1.0,500.0,500,500.0,500.0,0,20,2.8,2.0,1.0,0,0,20,20,1.1,0.9777895212173462,5.540626049041748,nan,nan,0,nan,nan,0.7573523461818695,0.7573523372411728,20,0.8314192350681113
tunnel,0.5,0.2,True,20,500,3050,20,1.0,500.0,500,500.0,500.0,0,20,3.0,2.0,1.0,0,0,20,20,1.0,0.9778053760528564,5.539913654327393,nan,nan,0,nan,nan,0.7573523461818695,0.7573523372411728,20,0.8366682507498023
tunnel,0.5,0.2,True,20,500,4050,20,1.0,500.0,500,500.0,500.0,0,20,1.85,2.0,1.0,0,0,20,20,1.05,0.9779337048530579,5.498952388763428,nan,nan,0,nan,nan,0.7573523402214051,0.7573523223400116,20,0.8436684245516517
tunnel,0.5,0.2,True,20,500,5050,20,1.0,500.0,500,500.0,500.0,0,20,2.7,2.0,1.0,0,0,20,20,1.0,0.9780840873718262,5.517692565917969,nan,nan,0,nan,nan,0.7573523461818695,0.7573523372411728,20,0.858766398857053
tunnel,0.5,0.2,True,20,500,6050,20,1.0,500.0,500,505.0,500.0,0,20,1.85,2.0,1.0,0,0,20,20,1.0,0.9776960611343384,5.501514911651611,nan,nan,0,nan,nan,0.7573523461818695,0.7573523372411728,20,0.8308741259816962
tunnel,0.5,0.2,True,20,500,7050,20,1.0,500.0,500,500.0,500.0,0,20,2.45,2.0,1.0,0,0,20,20,1.0,0.977974534034729,5.508124828338623,nan,nan,0,nan,nan,0.7573523461818695,0.7573523372411728,20,0.8554238999346946
tunnel,0.5,0.2,True,20,500,8050,20,1.0,500.0,500,500.0,500.0,0,20,2.95,2.0,1.0,0,0,20,20,1.0,0.9777511358261108,5.536172866821289,nan,nan,0,nan,nan,0.7573523461818695,0.7573523372411728,20,0.832475171373946
tunnel,0.5,0.2,True,20,500,9050,20,1.0,500.0,500,500.0,500.0,0,20,2.0,2.0,1.0,0,0,20,20,1.0,0.9779896140098572,5.501492023468018,nan,nan,0,nan,nan,0.7573523432016372,0.7573523372411728,20,0.8496408615027763
tunnel,0.5,0.2,False,20,500,50,20,1.0,500.0,500,600.0,500.0,0,20,1.1,1.0,1.0,0,0,20,20,1.15,1.0,0.026535507291555405,nan,nan,0,nan,nan,0.7573529690504074,0.7573529928922653,20,0.996559450669829
tunnel,0.5,0.2,False,20,500,1050,20,1.0,500.0,500,600.0,500.0,0,20,1.1,1.0,1.0,0,0,20,20,1.3,1.0,0.026535507291555405,nan,nan,0,nan,nan,0.7573529690504074,0.7573529928922653,20,0.9961026731053056
tunnel,0.5,0.2,False,20,500,2050,20,1.0,500.0,500,600.0,500.0,0,20,1.2,1.0,1.0,0,0,20,20,1.05,1.0,0.026535507291555405,nan,nan,0,nan,nan,0.7573529690504074,0.7573529928922653,20,0.9852974847011167
tunnel,0.5,0.2,False,20,500,3050,20,1.0,500.0,500,600.0,500.0,0,20,1.25,1.0,1.0,0,0,20,20,1.15,1.0,0.026535507291555405,nan,nan,0,nan,nan,0.7573529690504074,0.7573529928922653,20,1.0031209692984224
tunnel,0.5,0.2,False,20,500,4050,20,1.0,500.0,500,600.0,500.0,0,20,1.05,1.0,1.0,0,0,20,20,1.25,1.0,0.026535507291555405,nan,nan,0,nan,nan,0.7573529690504074,0.7573529928922653,20,0.9922328238747973
tunnel,0.5,0.2,False,20,500,5050,20,1.0,500.0,500,600.0,500.0,0,20,1.2,1.0,1.0,0,0,20,20,1.35,1.0,0.026535507291555405,nan,nan,0,nan,nan,0.7573529690504074,0.7573529928922653,20,0.9996471516758249
tunnel,0.5,0.2,False,20,500,6050,20,1.0,500.0,500,600.0,500.0,0,20,1.2,1.0,1.0,0,0,20,20,1.15,1.0,0.026535507291555405,nan,nan,0,nan,nan,0.7573529690504074,0.7573529928922653,20,0.9950690959403286
tunnel,0.5,0.2,False,20,500,7050,20,1.0,500.0,500,600.0,500.0,0,20,1.1,1.0,1.0,0,0,20,20,1.1,1.0,0.026535507291555405,nan,nan,0,nan,nan,0.7573529690504074,0.7573529928922653,20,1.0024811252043409
tunnel,0.5,0.2,False,20,500,8050,20,1.0,500.0,500,600.0,500.0,0,20,1.1,1.0,1.0,0,0,20,20,1.65,1.0,0.026535507291555405,nan,nan,0,nan,nan,0.7573529690504074,0.7573529928922653,20,0.9861662373626459
tunnel,0.5,0.2,False,20,500,9050,20,1.0,500.0,500,600.0,500.0,0,20,1.15,1.0,1.0,0,0,20,20,1.3,1.0,0.026535507291555405,nan,nan,0,nan,nan,0.7573529690504074,0.7573529928922653,20,0.9952407976310347
