scenario,quantum_coupling,diffusion_rate,collapse_enabled,population,max_steps,seed,alive_count,alive_rate,avg_survival_steps,max_survival_steps,avg_final_energy,avg_steps_taken,deadend_escapes,barrier_crossings,first_crossing_latency_mean,first_crossing_latency_median,crossing_toward_frac,wall_crossings,wall_step_crossings,seam_crossings,edge_crossings,edge_crossing_step_mean,final_coherence_mean,final_pilot_wave_mean,anticipatory_index_mean,anticipatory_frac_mean,maze_goal_reached,maze_route_gap_frac,maze_route_edge_frac,phi_mean,phi_final,path_eff_reached,path_eff_mean,config
tunnel,0.0,0.2,True,20,500,0,0,0.0,100.0,100,0.0,100.0,0,0,nan,nan,nan,0,0,0,0,nan,0.9371022582054138,0.6782592535018921,nan,nan,0,nan,nan,0.7573520690202713,0.7573520690202713,0,nan,classical
tunnel,0.0,0.2,True,20,500,1000,0,0.0,100.0,100,0.0,100.0,0,0,nan,nan,nan,0,0,0,0,nan,0.9371022582054138,0.6782592535018921,nan,nan,0,nan,nan,0.7573520690202713,0.7573520690202713,0,nan,classical
tunnel,0.0,0.2,True,20,500,2000,0,0.0,100.0,100,0.0,100.0,0,0,nan,nan,nan,0,0,0,0,nan,0.9371022582054138,0.6782592535018921,nan,nan,0,nan,nan,0.7573520690202713,0.7573520690202713,0,nan,classical
tunnel,0.0,0.2,True,20,500,3000,0,0.0,100.0,100,0.0,100.0,0,0,nan,nan,nan,0,0,0,0,nan,0.9371022582054138,0.6782592535018921,nan,nan,0,nan,nan,0.7573520690202713,0.7573520690202713,0,nan,classical
tunnel,0.0,0.2,True,20,500,4000,0,0.0,100.0,100,0.0,100.0,0,0,nan,nan,nan,0,0,0,0,nan,0.9371022582054138,0.6782592535018921,nan,nan,0,nan,nan,0.7573520690202713,0.7573520690202713,0,nan,classical
tunnel,0.0,0.2,True,20,500,5000,0,0.0,100.0,100,0.0,100.0,0,0,nan,nan,nan,0,0,0,0,nan,0.9371022582054138,0.6782592535018921,nan,nan,0,nan,nan,0.7573520690202713,0.7573520690202713,0,nan,classical
tunnel,0.0,0.2,True,20,500,6000,0,0.0,100.0,100,0.0,100.0,0,0,nan,nan,nan,0,0,0,0,nan,0.9371022582054138,0.6782592535018921,nan,nan,0,nan,nan,0.7573520690202713,0.7573520690202713,0,nan,classical
tunnel,0.0,0.2,True,20,500,7000,0,0.0,100.0,100,0.0,100.0,0,0,nan,nan,nan,0,0,0,0,nan,0.9371022582054138,0.6782592535018921,nan,nan,0,nan,nan,0.7573520690202713,0.7573520690202713,0,nan,classical
tunnel,0.0,0.2,True,20,500,8000,0,0.0,100.0,100,0.0,100.0,0,0,nan,nan,nan,0,0,0,0,nan,0.9371022582054138,0.6782592535018921,nan,nan,0,nan,nan,0.7573520690202713,0.7573520690202713,0,nan,classical
tunnel,0.0,0.2,True,20,500,9000,0,0.0,100.0,100,0.0,100.0,0,0,nan,nan,nan,0,0,0,0,nan,0.9371022582054138,0.6782592535018921,nan,nan,0,nan,nan,0.7573520690202713,0.7573520690202713,0,nan,classical
tunnel,0.0,0.2,True,20,500,50,6,0.3,220.0,500,150.0,220.0,4,7,13.666666666666666,15.0,1.0,0,5,2,11,24.09090909090909,0.9082411527633667,3.680562973022461,nan,nan,0,nan,nan,0.7573520690202713,0.7573520690202713,6,0.45578128659208583,eps0.05
tunnel,0.0,0.2,True,20,500,1050,8,0.4,260.0,500,200.0,260.0,8,11,19.666666666666668,13.0,1.0,0,10,1,10,31.1,0.9030249118804932,3.7919669151306152,nan,nan,0,nan,nan,0.7573520690202713,0.7573520690202713,8,0.3746522221482787,eps0.05
tunnel,0.0,0.2,True,20,500,2050,10,0.5,300.0,500,250.0,300.0,5,13,33.25,19.0,1.0,1,10,2,11,28.272727272727273,0.8986246585845947,3.889561176300049,nan,nan,0,nan,nan,0.7573520690202713,0.7573520690202713,10,0.3984926443058994,eps0.05
tunnel,0.0,0.2,True,20,500,3050,9,0.45,280.0,500,230.0,280.0,6,13,35.5,25.0,1.0,0,11,2,10,31.8,0.9009977579116821,3.852168321609497,nan,nan,0,nan,nan,0.7573520690202713,0.7573520690202713,9,0.4263376727358238,eps0.05
tunnel,0.0,0.2,True,20,500,4050,10,0.5,300.0,500,250.0,300.0,5,11,20.5,20.5,1.0,1,8,2,11,20.727272727272727,0.9064712524414062,3.9174716472625732,nan,nan,0,nan,nan,0.7573520690202713,0.7573520690202713,10,0.47697874370660037,eps0.05
tunnel,0.0,0.2,True,20,500,5050,10,0.5,300.0,500,255.0,300.0,7,11,29.666666666666668,24.0,1.0,0,9,2,11,14.727272727272727,0.9001679420471191,3.9648053646087646,nan,nan,0,nan,nan,0.7573520690202713,0.7573520690202713,10,0.4222088492702681,eps0.05
tunnel,0.0,0.2,True,20,500,6050,12,0.6,340.0,500,290.0,340.0,7,12,25.25,21.5,1.0,0,10,2,11,31.818181818181817,0.8994764089584351,4.101827144622803,nan,nan,0,nan,nan,0.7573520690202713,0.7573520690202713,12,0.4606007009335921,eps0.05
tunnel,0.0,0.2,True,20,500,7050,10,0.5,300.0,500,235.0,300.0,8,13,47.142857142857146,53.0,1.0,0,10,3,12,17.0,0.8987348079681396,3.983081102371216,nan,nan,0,nan,nan,0.7573520690202713,0.7573520690202713,10,0.4230979133503986,eps0.05
tunnel,0.0,0.2,True,20,500,8050,11,0.55,320.0,500,270.0,320.0,8,13,27.333333333333332,28.5,1.0,1,10,2,11,32.36363636363637,0.8973830938339233,4.057379722595215,nan,nan,0,nan,nan,0.7573520690202713,0.7573520690202713,11,0.41871119148207286,eps0.05
tunnel,0.0,0.2,True,20,500,9050,10,0.5,300.0,500,245.0,300.0,10,16,27.5,21.5,1.0,0,14,2,11,35.45454545454545,0.8988103866577148,3.958864688873291,nan,nan,0,nan,nan,0.7573520690202713,0.7573520690202713,10,0.4512058373289013,eps0.05
tunnel,0.0,0.2,True,20,500,100,14,0.7,380.0,500,350.0,380.0,5,14,16.5,17.0,0.9333333333333333,0,13,2,12,14.583333333333334,0.8991945385932922,4.4336347579956055,nan,nan,0,nan,nan,0.7573520690202713,0.7573520690202713,14,0.42206944091854354,eps0.1
tunnel,0.0,0.2,True,20,500,1100,11,0.55,320.0,500,280.0,320.0,9,11,12.2,7.0,1.0,0,8,3,13,11.153846153846153,0.8993469476699829,4.190494537353516,nan,nan,0,nan,nan,0.7573520690202713,0.7573520690202713,11,0.48125288459761856,eps0.1
tunnel,0.0,0.2,True,20,500,2100,13,0.65,360.0,500,330.0,360.0,6,14,9.166666666666666,7.0,1.0,2,10,2,11,16.727272727272727,0.8917772769927979,4.204207420349121,nan,nan,0,nan,nan,0.7573520690202713,0.7573520690202713,13,0.4235853060428504,eps0.1
tunnel,0.0,0.2,True,20,500,3100,17,0.85,440.0,500,425.0,440.0,6,17,14.0,22.0,1.0,1,14,2,11,12.636363636363637,0.8965176343917847,4.576764106750488,nan,nan,0,nan,nan,0.7573520690202713,0.7573520690202713,17,0.4074530674274431,eps0.1
tunnel,0.0,0.2,True,20,500,4100,16,0.8,420.0,500,400.0,420.0,7,19,23.333333333333332,17.0,1.0,1,16,2,12,19.416666666666668,0.8868837952613831,4.491202354431152,nan,nan,0,nan,nan,0.7573520690202713,0.7573520690202713,16,0.3847274008558127,eps0.1
tunnel,0.0,0.2,True,20,500,5100,15,0.75,400.0,500,370.0,400.0,9,18,25.333333333333332,24.0,1.0,1,15,2,11,18.272727272727273,0.8989718556404114,4.498252868652344,nan,nan,0,nan,nan,0.7573520690202713,0.7573520690202713,15,0.40242778559426273,eps0.1
tunnel,0.0,0.2,True,20,500,6100,9,0.45,280.0,500,235.0,280.0,9,11,19.25,10.5,0.9166666666666666,0,9,3,11,7.909090909090909,0.9012731313705444,4.1036057472229,nan,nan,0,nan,nan,0.7573520690202713,0.7573520690202713,9,0.48188896437527173,eps0.1
tunnel,0.0,0.2,True,20,500,7100,11,0.55,320.0,500,285.0,320.0,4,13,21.0,20.0,1.0,0,10,3,14,11.071428571428571,0.9015333652496338,4.221860885620117,nan,nan,0,nan,nan,0.7573520690202713,0.7573520690202713,11,0.4915599269950761,eps0.1
tunnel,0.0,0.2,True,20,500,8100,14,0.7,380.0,500,355.0,380.0,7,15,13.0,7.5,1.0,0,13,2,11,13.272727272727273,0.9005230665206909,4.3693647384643555,nan,nan,0,nan,nan,0.7573520690202713,0.7573520690202713,14,0.41638169564132727,eps0.1
tunnel,0.0,0.2,True,20,500,9100,13,0.65,360.0,500,315.0,360.0,10,13,14.0,7.5,0.9285714285714286,0,12,2,11,9.181818181818182,0.8998428583145142,4.366799354553223,nan,nan,0,nan,nan,0.7573520690202713,0.7573520690202713,13,0.40662748554091027,eps0.1
tunnel,0.0,0.2,True,20,500,200,11,0.55,320.0,500,280.0,320.0,13,19,32.7,40.5,0.9473684210526315,0,17,2,13,7.923076923076923,0.8919346928596497,4.577303409576416,nan,nan,0,nan,nan,0.7573520690202713,0.7573520690202713,11,0.40997230874974594,eps0.2
tunnel,0.0,0.2,True,20,500,1200,13,0.65,360.0,500,335.0,360.0,9,17,18.133333333333333,9.0,0.8421052631578947,0,17,2,14,7.785714285714286,0.9001842737197876,4.77561092376709,nan,nan,0,nan,nan,0.7573520690202713,0.7573520690202713,13,0.44602922676800694,eps0.2
tunnel,0.0,0.2,True,20,500,2200,19,0.95,480.0,500,480.0,480.0,3,19,12.25,10.5,0.8947368421052632,0,17,2,13,6.230769230769231,0.889875054359436,5.153250217437744,nan,nan,0,nan,nan,0.7573520690202713,0.7573520690202713,19,0.3897954009463551,eps0.2
tunnel,0.0,0.2,True,20,500,3200,15,0.75,400.0,500,380.0,400.0,7,18,14.615384615384615,14.0,0.9444444444444444,1,15,2,13,6.384615384615385,0.8934146165847778,4.838955879211426,nan,nan,0,nan,nan,0.7573520690202713,0.7573520690202713,15,0.37761766835791283,eps0.2
tunnel,0.0,0.2,True,20,500,4200,17,0.85,440.0,500,415.0,440.0,7,18,19.846153846153847,20.0,0.9,1,17,2,13,6.923076923076923,0.8868155479431152,4.958390235900879,nan,nan,0,nan,nan,0.7573520690202713,0.7573520690202713,17,0.3536800824538665,eps0.2
tunnel,0.0,0.2,True,20,500,5200,17,0.85,440.0,500,420.0,440.0,6,17,9.0,5.0,0.9411764705882353,2,12,3,13,9.153846153846153,0.8873047828674316,5.002695083618164,nan,nan,0,nan,nan,0.7573520690202713,0.7573520690202713,17,0.4002795365521647,eps0.2
tunnel,0.0,0.2,True,20,500,6200,18,0.9,460.0,500,450.0,460.0,5,20,19.77777777777778,11.0,0.9,1,17,2,12,9.083333333333334,0.8911947011947632,4.961703777313232,nan,nan,0,nan,nan,0.7573520690202713,0.7573520690202713,18,0.38363891589229593,eps0.2
tunnel,0.0,0.2,True,20,500,7200,18,0.9,460.0,500,435.0,460.0,8,19,17.333333333333332,13.5,0.9,1,16,3,14,6.857142857142857,0.8825465440750122,5.0297532081604,nan,nan,0,nan,nan,0.7573520690202713,0.7573520690202713,18,0.3744424497990606,eps0.2
tunnel,0.0,0.2,True,20,500,8200,13,0.65,360.0,500,320.0,360.0,7,16,18.583333333333332,11.5,0.7647058823529411,1,14,2,12,9.166666666666666,0.8892392516136169,4.708277702331543,nan,nan,0,nan,nan,0.7573520690202713,0.7573520690202713,13,0.38343347084792345,eps0.2
tunnel,0.0,0.2,True,20,500,9200,17,0.85,440.0,500,420.0,440.0,10,18,11.818181818181818,8.0,0.8888888888888888,0,16,2,14,6.857142857142857,0.8922185897827148,4.899305820465088,nan,nan,0,nan,nan,0.7573520690202713,0.7573520690202713,17,0.3808149671367548,eps0.2
tunnel,0.0,0.2,True,20,500,300,18,0.9,460.0,500,440.0,460.0,3,19,11.23076923076923,6.0,0.7894736842105263,2,15,2,13,6.461538461538462,0.8722065687179565,5.343696117401123,nan,nan,0,nan,nan,0.7573520690202713,0.7573520690202713,18,0.32911492801341313,eps0.3
tunnel,0.0,0.2,True,20,500,1300,15,0.75,400.0,500,375.0,400.0,5,19,16.75,12.5,0.9,2,16,2,14,7.357142857142857,0.8771610856056213,5.069448471069336,nan,nan,0,nan,nan,0.7573520690202713,0.7573520690202713,15,0.3290706660036304,eps0.3
tunnel,0.0,0.2,True,20,500,2300,14,0.7,380.0,500,340.0,380.0,5,19,14.818181818181818,6.0,0.5789473684210527,1,16,2,14,3.5,0.8864057064056396,5.105741500854492,nan,nan,0,nan,nan,0.7573520690202713,0.7573520690202713,14,0.3276437616106858,eps0.3
tunnel,0.0,0.2,True,20,500,3300,15,0.75,400.0,500,385.0,400.0,5,19,18.75,17.5,0.9473684210526315,2,14,3,11,4.2727272727272725,0.8812803626060486,5.047226428985596,nan,nan,0,nan,nan,0.7573520690202713,0.7573520690202713,15,0.38652084182674,eps0.3
tunnel,0.0,0.2,True,20,500,4300,18,0.9,460.0,500,460.0,460.0,2,20,10.545454545454545,9.0,0.9,0,15,5,14,4.928571428571429,0.8833563327789307,5.100748062133789,nan,nan,0,nan,nan,0.7573520690202713,0.7573520690202713,18,0.4354486421827495,eps0.3
tunnel,0.0,0.2,True,20,500,5300,19,0.95,480.0,500,485.0,480.0,0,20,7.923076923076923,3.0,0.9,2,14,4,15,4.266666666666667,0.8816948533058167,5.0429816246032715,nan,nan,0,nan,nan,0.7573520690202713,0.7573520690202713,19,0.3816354027948294,eps0.3
tunnel,0.0,0.2,True,20,500,6300,13,0.65,360.0,500,325.0,360.0,3,18,11.9,9.0,0.8333333333333334,1,15,2,13,7.461538461538462,0.8759057521820068,5.007812023162842,nan,nan,0,nan,nan,0.7573520690202713,0.7573520690202713,13,0.3484224793796213,eps0.3
tunnel,0.0,0.2,True,20,500,7300,20,1.0,500.0,500,505.0,500.0,1,20,9.875,8.0,0.95,2,14,4,14,4.857142857142857,0.8822169899940491,5.198200702667236,nan,nan,0,nan,nan,0.7573520690202713,0.7573520690202713,20,0.39291067642518307,eps0.3
tunnel,0.0,0.2,True,20,500,8300,15,0.75,400.0,500,380.0,400.0,5,17,5.2,3.5,0.8888888888888888,3,13,2,15,5.4,0.8833158016204834,4.941848278045654,nan,nan,0,nan,nan,0.7573520690202713,0.7573520690202713,15,0.35696020663181405,eps0.3
tunnel,0.0,0.2,True,20,500,9300,20,1.0,500.0,500,510.0,500.0,1,20,8.8,5.0,1.0,1,17,2,12,5.083333333333333,0.8847135901451111,4.922867298126221,nan,nan,0,nan,nan,0.7573520690202713,0.7573520690202713,20,0.36781302514217495,eps0.3
tunnel,0.3,0.2,True,20,500,400,20,1.0,500.0,500,500.0,500.0,0,20,2.65,2.0,1.0,0,0,20,20,1.05,0.977979302406311,5.503448486328125,nan,nan,0,nan,nan,0.7573522299528122,0.7573522627353668,20,0.8396074627658481,quantum
tunnel,0.3,0.2,True,20,500,1400,20,1.0,500.0,500,505.0,500.0,0,20,2.1,2.0,1.0,0,0,20,20,1.05,0.976335883140564,5.500833034515381,nan,nan,0,nan,nan,0.7573522299528122,0.7573522627353668,20,0.8337973810631734,quantum
tunnel,0.3,0.2,True,20,500,2400,20,1.0,500.0,500,500.0,500.0,0,20,2.7,2.0,1.0,0,0,20,20,1.05,0.9780124425888062,5.517260551452637,nan,nan,0,nan,nan,0.7573522299528122,0.7573522627353668,20,0.8566592660763812,quantum
tunnel,0.3,0.2,True,20,500,3400,20,1.0,500.0,500,500.0,500.0,0,20,2.15,2.0,1.0,0,0,20,20,1.1,0.9779363870620728,5.50644588470459,nan,nan,0,nan,nan,0.7573522299528122,0.7573522627353668,20,0.8544928225252046,quantum
tunnel,0.3,0.2,True,20,500,4400,20,1.0,500.0,500,500.0,500.0,0,20,2.85,2.0,1.0,0,0,20,20,1.0,0.9777776002883911,5.530162811279297,nan,nan,0,nan,nan,0.7573522329330444,0.7573522925376892,20,0.824469807511915,quantum
tunnel,0.3,0.2,True,20,500,5400,20,1.0,500.0,500,500.0,500.0,0,20,2.55,2.0,1.0,0,0,20,20,1.05,0.977786660194397,5.53031063079834,nan,nan,0,nan,nan,0.7573522329330444,0.7573522925376892,20,0.8276478270087202,quantum
tunnel,0.3,0.2,True,20,500,6400,20,1.0,500.0,500,500.0,500.0,0,20,1.9,2.0,1.0,0,0,20,20,1.1,0.9779204726219177,5.499148845672607,nan,nan,0,nan,nan,0.7573522299528122,0.7573522627353668,20,0.8424834788260872,quantum
tunnel,0.3,0.2,True,20,500,7400,20,1.0,500.0,500,500.0,500.0,0,20,1.9,2.0,1.0,0,0,20,20,1.2,0.9778752326965332,5.504927635192871,nan,nan,0,nan,nan,0.7573522299528122,0.7573522627353668,20,0.8506884474698971,quantum
tunnel,0.3,0.2,True,20,500,8400,20,1.0,500.0,500,500.0,500.0,0,20,2.25,2.0,1.0,0,0,20,20,1.1,0.9778193831443787,5.504528522491455,nan,nan,0,nan,nan,0.7573522299528122,0.7573522627353668,20,0.8526166786078688,quantum
tunnel,0.3,0.2,True,20,500,9400,20,1.0,500.0,500,500.0,500.0,0,20,2.05,2.0,1.0,0,0,20,20,1.1,0.977886438369751,5.499640941619873,nan,nan,0,nan,nan,0.7573522299528122,0.7573522627353668,20,0.8399577794040187,quantum
tunnel,0.3,0.2,True,20,500,500,20,1.0,500.0,500,500.0,500.0,0,20,2.45,2.0,1.0,0,0,20,20,1.05,0.9720298051834106,6.033900260925293,nan,nan,0,nan,nan,0.7573522210121155,0.7573522180318832,20,0.6395923628709385,quantum_eps0.1
tunnel,0.3,0.2,True,20,500,1500,20,1.0,500.0,500,500.0,500.0,0,20,3.2,2.0,1.0,0,0,20,20,1.05,0.9701383113861084,6.148904323577881,nan,nan,0,nan,nan,0.7573522239923477,0.7573522478342056,20,0.5159513398256681,quantum_eps0.1
tunnel,0.3,0.2,True,20,500,2500,20,1.0,500.0,500,500.0,500.0,0,20,2.0,2.0,1.0,0,0,20,20,1.1,0.9717711806297302,6.021000385284424,nan,nan,0,nan,nan,0.757352215051651,0.7573521882295609,20,0.5705772914006164,quantum_eps0.1
tunnel,0.3,0.2,True,20,500,3500,20,1.0,500.0,500,500.0,500.0,0,20,2.2,2.0,1.0,0,0,20,20,1.15,0.9716866612434387,6.101071357727051,nan,nan,0,nan,nan,0.7573522210121155,0.7573522180318832,20,0.6105699799922787,quantum_eps0.1
tunnel,0.3,0.2,True,20,500,4500,20,1.0,500.0,500,500.0,500.0,0,20,1.65,2.0,1.0,0,0,20,20,1.1,0.9710729718208313,6.062839984893799,nan,nan,0,nan,nan,0.7573522180318832,0.7573522180318832,20,0.5743145325952131,quantum_eps0.1
tunnel,0.3,0.2,True,20,500,5500,20,1.0,500.0,500,500.0,500.0,0,20,3.05,2.0,1.0,0,0,20,20,1.15,0.9712225198745728,6.140761375427246,nan,nan,0,nan,nan,0.7573522120714188,0.7573521882295609,20,0.5550973800912897,quantum_eps0.1
tunnel,0.3,0.2,True,20,500,6500,20,1.0,500.0,500,505.0,500.0,0,20,2.85,2.0,1.0,0,0,20,20,1.05,0.9704067707061768,6.106734752655029,nan,nan,0,nan,nan,0.7573522210121155,0.7573522180318832,20,0.6406315199913439,quantum_eps0.1
tunnel,0.3,0.2,True,20,500,7500,20,1.0,500.0,500,500.0,500.0,0,20,3.7,2.0,1.0,0,0,20,20,1.0,0.9718176126480103,6.161027431488037,nan,nan,0,nan,nan,0.7573522239923477,0.7573522478342056,20,0.6318677974651064,quantum_eps0.1
tunnel,0.3,0.2,True,20,500,8500,20,1.0,500.0,500,500.0,500.0,0,20,2.85,2.0,1.0,0,0,20,20,1.2,0.9703269004821777,6.0799970626831055,nan,nan,0,nan,nan,0.7573522210121155,0.7573522180318832,20,0.5489705283351667,quantum_eps0.1
tunnel,0.3,0.2,True,20,500,9500,20,1.0,500.0,500,500.0,500.0,0,20,2.2,2.0,1.0,0,0,20,20,1.05,0.9716504216194153,6.07379674911499,nan,nan,0,nan,nan,0.7573522299528122,0.757352277636528,20,0.5988818370702649,quantum_eps0.1
